<?xml version="1.0" encoding="UTF-8"?>
<!DOCTYPE mapper PUBLIC "-//mybatis.org//DTD Mapper 3.0//EN" "http://mybatis.org/dtd/mybatis-3-mapper.dtd">

<mapper namespace="tbl_com_organ_struct">
  <resultMap id="BaseResultMap" type="com.i2shopping.i2work.operation.core.employee.model.ComOrganStruct">
    <!--
          WARNING - This element is automatically generated by Apache iBATIS ibator, do not modify.
          This element was generated on Wed Jul 08 15:37:24 CST 2015.
        -->
    <result column="CAT_ID" property="catId" jdbcType="VARCHAR"/>
    <result column="COM_ID" property="comId" jdbcType="VARCHAR"/>
    <result column="PARENT_CAT_ID" property="parentCatId" jdbcType="VARCHAR"/>
    <result column="PARENT_COM_ID" property="parentComId" jdbcType="VARCHAR"/>
    <result column="GRADE" property="grade" jdbcType="INTEGER"/>
  </resultMap>
  <resultMap id="ResultMapExt" extends="BaseResultMap" type="com.i2shopping.i2work.operation.core.employee.model.ComOrganStruct">
    <association property="companyInfo" select="tbl_company.selectById" column="COM_ID"/>
    <association property="parentCompanyInfo" select="tbl_company.selectById" column="PARENT_COM_ID"/>
  </resultMap>
  <select id="selectByAllStructs" resultMap="ResultMapExt" parameterType="java.lang.String">SELECT * FROM tbl_com_organ_struct WHERE CAT_ID !=#{value:VARCHAR} ORDER BY GRADE,CAT_ID</select>
</mapper>
