<?xml version="1.0" encoding="UTF-8"?>
<!DOCTYPE mapper PUBLIC "-//mybatis.org//DTD Mapper 3.0//EN" "http://mybatis.org/dtd/mybatis-3-mapper.dtd">

<mapper namespace="tbl_duty_grass_root_level_rel">
  <resultMap id="BaseResultMap" type="com.i2shopping.i2work.operation.core.employee.model.DutyGrassRootLevelRelKey">
    <!--
      WARNING - This element is automatically generated by Apache iBATIS ibator, do not modify.
      This element was generated on Sun Aug 23 16:50:58 CST 2015.
    -->
    <result column="DUTY_ID" property="dutyId" jdbcType="VARCHAR"/>
    <result column="GRASS_ID" property="grassId" jdbcType="VARCHAR"/>
  </resultMap>
  <resultMap id="ExtResultMap" extends="BaseResultMap" type="com.i2shopping.i2work.operation.core.employee.model.DutyGrassRootLevelRelKey">
    <association property="grassrootLevel" select="tbl_grassroot_level.selectByGrassId" column="GRASS_ID"/>
    <association property="employeeGrade" select="tbl_employee_grade.selectByGradeId" column="DUTY_ID"/>
  </resultMap>
  <sql id="rel_Where_Clause"> 
    <if test="dutyId != null and dutyId != ''">and tbl_duty_grass_root_level_rel.DUTY_ID=#{dutyId:VARCHAR}</if>  
    <if test="grassId != null and grassId != ''">and tbl_duty_grass_root_level_rel.GRASS_ID=#{grassId:VARCHAR}</if> 
  </sql>
  <sql id="Criteria_Where_Clause"> 
    <!--
      WARNING - This element is automatically generated by Apache iBATIS ibator, do not modify.
      This element was generated on Sun Aug 23 16:50:58 CST 2015.
    -->  
    <iterate property="oredCriteria" conjunction="or" prepend="where" removeFirstPrepend="iterate"> 
      <if test="oredCriteria[].valid!= null and oredCriteria[].valid == 'true'.toString()">( 
        <iterate prepend="and" property="oredCriteria[].criteriaWithoutValue" conjunction="and">$oredCriteria[].criteriaWithoutValue[]$</iterate>  
        <iterate prepend="and" property="oredCriteria[].criteriaWithSingleValue" conjunction="and">$oredCriteria[].criteriaWithSingleValue[].condition$ #{oredCriteria[].criteriaWithSingleValue[].value}</iterate>  
        <iterate prepend="and" property="oredCriteria[].criteriaWithListValue" conjunction="and">$oredCriteria[].criteriaWithListValue[].condition$
          <iterate property="oredCriteria[].criteriaWithListValue[].values" open="(" close=")" conjunction=",">#{oredCriteria[].criteriaWithListValue[].values[]}</iterate> 
        </iterate>  
        <iterate prepend="and" property="oredCriteria[].criteriaWithBetweenValue" conjunction="and">$oredCriteria[].criteriaWithBetweenValue[].condition$ #{oredCriteria[].criteriaWithBetweenValue[].values[0]} and #{oredCriteria[].criteriaWithBetweenValue[].values[1]}</iterate> )
      </if> 
    </iterate> 
  </sql>
  <select id="selectByCriteria" resultMap="BaseResultMap" parameterType="com.i2shopping.i2work.operation.core.employee.model.DutyGrassRootLevelRelCriteria"> 
    <!--
      WARNING - This element is automatically generated by Apache iBATIS ibator, do not modify.
      This element was generated on Sun Aug 23 16:50:58 CST 2015.
    --> select DUTY_ID, GRASS_ID from tbl_duty_grass_root_level_rel
    <if test="_parameter != null"> 
      <include refid="tbl_duty_grass_root_level_rel.Criteria_Where_Clause"/>  
      <if test="orderByClause != null">order by ${orderByClause}</if> 
    </if> 
  </select>
  <delete id="deleteByPrimaryKey" parameterType="com.i2shopping.i2work.operation.core.employee.model.DutyGrassRootLevelRelKey"> 
    <!--
      WARNING - This element is automatically generated by Apache iBATIS ibator, do not modify.
      This element was generated on Sun Aug 23 16:50:58 CST 2015.
    --> delete from tbl_duty_grass_root_level_rel where DUTY_ID = #{dutyId:VARCHAR} and GRASS_ID = #{grassId:VARCHAR}
  </delete>
  <delete id="deleteByCriteria" parameterType="com.i2shopping.i2work.operation.core.employee.model.DutyGrassRootLevelRelCriteria"> 
    <!--
      WARNING - This element is automatically generated by Apache iBATIS ibator, do not modify.
      This element was generated on Sun Aug 23 16:50:58 CST 2015.
    --> delete from tbl_duty_grass_root_level_rel 
    <include refid="tbl_duty_grass_root_level_rel.Criteria_Where_Clause"/> 
  </delete>
  <insert id="insert" parameterType="com.i2shopping.i2work.operation.core.employee.model.DutyGrassRootLevelRelKey"> 
    <!--
      WARNING - This element is automatically generated by Apache iBATIS ibator, do not modify.
      This element was generated on Sun Aug 23 16:50:58 CST 2015.
    --> insert into tbl_duty_grass_root_level_rel (DUTY_ID, GRASS_ID) values (#{dutyId:VARCHAR}, #{grassId:VARCHAR})
  </insert>
  <insert id="insertSelective" parameterType="com.i2shopping.i2work.operation.core.employee.model.DutyGrassRootLevelRelKey"> 
    <!--
      WARNING - This element is automatically generated by Apache iBATIS ibator, do not modify.
      This element was generated on Sun Aug 23 16:50:58 CST 2015.
    --> insert into tbl_duty_grass_root_level_rel 
    <trim prefix="("> 
      <if test="dutyId != null">DUTY_ID ,</if>  
      <if test="grassId != null">GRASS_ID ,</if> )
    </trim> values 
    <trim prefix="("> 
      <if test="dutyId != null">#{dutyId:VARCHAR} ,</if>  
      <if test="grassId != null">#{grassId:VARCHAR} ,</if> )
    </trim> 
  </insert>
  <select id="countByCriteria" parameterType="com.i2shopping.i2work.operation.core.employee.model.DutyGrassRootLevelRelCriteria" resultType="java.lang.Integer"> 
    <!--
      WARNING - This element is automatically generated by Apache iBATIS ibator, do not modify.
      This element was generated on Sun Aug 23 16:50:58 CST 2015.
    --> select count(*) from tbl_duty_grass_root_level_rel 
    <include refid="tbl_duty_grass_root_level_rel.Criteria_Where_Clause"/> 
  </select>
  <update id="updateByCriteriaSelective"> 
    <!--
      WARNING - This element is automatically generated by Apache iBATIS ibator, do not modify.
      This element was generated on Sun Aug 23 16:50:58 CST 2015.
    --> update tbl_duty_grass_root_level_rel 
    <trim prefix="set"> 
      <if test="record.dutyId != null">DUTY_ID = #{record.dutyId:VARCHAR} ,</if>  
      <if test="record.grassId != null">GRASS_ID = #{record.grassId:VARCHAR} ,</if> 
    </trim>  
    <if test="_parameter != null"> 
      <include refid="tbl_duty_grass_root_level_rel.Criteria_Where_Clause"/> 
    </if> 
  </update>
  <update id="updateByCriteria"> 
    <!--
      WARNING - This element is automatically generated by Apache iBATIS ibator, do not modify.
      This element was generated on Sun Aug 23 16:50:58 CST 2015.
    --> update tbl_duty_grass_root_level_rel set DUTY_ID = #{record.dutyId:VARCHAR}, GRASS_ID = #{record.grassId:VARCHAR}
    <if test="_parameter != null"> 
      <include refid="tbl_duty_grass_root_level_rel.Criteria_Where_Clause"/> 
    </if> 
  </update>
  <select id="selectByDutyId" parameterType="java.lang.String" resultMap="ExtResultMap">SELECT * FROM tbl_duty_grass_root_level_rel where DUTY_ID = #{value:VARCHAR}</select>
  <select id="selectByParams" parameterType="com.i2shopping.i2work.operation.core.employee.model.DutyGrassRootLevelRelKey" resultMap="ExtResultMap">SELECT * FROM tbl_duty_grass_root_level_rel
    <trim prefix="where"> 
      <include refid="tbl_duty_grass_root_level_rel.rel_Where_Clause"/> 
    </trim> 
  </select>
  <update id="updateByPrimaryKeySelective" parameterType="com.i2shopping.i2work.operation.core.employee.model.DutyGrassRootLevelRelKey">update tbl_duty_grass_root_level_rel 
    <trim prefix="set"> 
      <if test="grassId != null">GRASS_ID = #{grassId:VARCHAR} ,</if> 
    </trim> where DUTY_ID = #{dutyId:VARCHAR}
  </update>
</mapper>
