<?xml version="1.0" encoding="UTF-8"?>
<!DOCTYPE mapper PUBLIC "-//mybatis.org//DTD Mapper 3.0//EN" "http://mybatis.org/dtd/mybatis-3-mapper.dtd">

<mapper namespace="tbl_employee_grade">
  <resultMap id="BaseResultMap" type="com.i2shopping.i2work.operation.core.employee.model.EmployeeGrade">
    <!--
      WARNING - This element is automatically generated by Apache iBATIS ibator, do not modify.
      This element was generated on Tue Jun 30 21:00:15 CST 2015.
    -->
    <result column="GRADE_ID" property="gradeId" jdbcType="VARCHAR"/>
    <result column="GRADE_NAME" property="gradeName" jdbcType="VARCHAR"/>
  </resultMap>
  <resultMap id="ExtResultMap" extends="BaseResultMap" type="com.i2shopping.i2work.operation.core.employee.model.EmployeeGrade">
    <association property="dutyGrassRootLevelRelKey" select="tbl_duty_grass_root_level_rel.selectByDutyId" column="GRADE_ID"/>
  </resultMap>
  <sql id="grade_Where_Clause"> 
    <if test="gradeName != null and gradeName != ''">and TBL_EMPLOYEE_GRADE.GRADE_NAME like concat('%',#{gradeName:VARCHAR},'%')</if> 
  </sql>
  <sql id="Criteria_Where_Clause"> 
    <!--
      WARNING - This element is automatically generated by Apache iBATIS ibator, do not modify.
      This element was generated on Tue Jun 30 21:00:15 CST 2015.
    -->  
    <iterate property="oredCriteria" conjunction="or" prepend="where" removeFirstPrepend="iterate"> 
      <if test="oredCriteria[].valid!= null and oredCriteria[].valid == 'true'.toString()">( 
        <iterate prepend="and" property="oredCriteria[].criteriaWithoutValue" conjunction="and">$oredCriteria[].criteriaWithoutValue[]$</iterate>  
        <iterate prepend="and" property="oredCriteria[].criteriaWithSingleValue" conjunction="and">$oredCriteria[].criteriaWithSingleValue[].condition$ #{oredCriteria[].criteriaWithSingleValue[].value}</iterate>  
        <iterate prepend="and" property="oredCriteria[].criteriaWithListValue" conjunction="and">$oredCriteria[].criteriaWithListValue[].condition$
          <iterate property="oredCriteria[].criteriaWithListValue[].values" open="(" close=")" conjunction=",">#{oredCriteria[].criteriaWithListValue[].values[]}</iterate> 
        </iterate>  
        <iterate prepend="and" property="oredCriteria[].criteriaWithBetweenValue" conjunction="and">$oredCriteria[].criteriaWithBetweenValue[].condition$ #{oredCriteria[].criteriaWithBetweenValue[].values[0]} and #{oredCriteria[].criteriaWithBetweenValue[].values[1]}</iterate> )
      </if> 
    </iterate> 
  </sql>
  <select id="selectByCriteria" resultMap="BaseResultMap" parameterType="com.i2shopping.i2work.operation.core.employee.model.EmployeeGradeCriteria"> 
    <!--
      WARNING - This element is automatically generated by Apache iBATIS ibator, do not modify.
      This element was generated on Tue Jun 30 21:00:15 CST 2015.
    --> select GRADE_ID, GRADE_NAME from tbl_employee_grade
    <if test="_parameter != null"> 
      <include refid="tbl_employee_grade.Criteria_Where_Clause"/>  
      <if test="orderByClause != null">order by ${orderByClause}</if> 
    </if> 
  </select>
  <select id="selectByPrimaryKey" resultMap="BaseResultMap" parameterType="com.i2shopping.i2work.operation.core.employee.model.EmployeeGrade"> 
    <!--
      WARNING - This element is automatically generated by Apache iBATIS ibator, do not modify.
      This element was generated on Tue Jun 30 21:00:15 CST 2015.
    --> select GRADE_ID, GRADE_NAME from tbl_employee_grade where GRADE_ID = #{gradeId:VARCHAR}
  </select>
  <delete id="deleteByPrimaryKey" parameterType="com.i2shopping.i2work.operation.core.employee.model.EmployeeGrade"> 
    <!--
      WARNING - This element is automatically generated by Apache iBATIS ibator, do not modify.
      This element was generated on Tue Jun 30 21:00:15 CST 2015.
    --> delete from tbl_employee_grade where GRADE_ID = #{gradeId:VARCHAR}
  </delete>
  <delete id="deleteByCriteria" parameterType="com.i2shopping.i2work.operation.core.employee.model.EmployeeGradeCriteria"> 
    <!--
      WARNING - This element is automatically generated by Apache iBATIS ibator, do not modify.
      This element was generated on Tue Jun 30 21:00:15 CST 2015.
    --> delete from tbl_employee_grade 
    <include refid="tbl_employee_grade.Criteria_Where_Clause"/> 
  </delete>
  <insert id="insert" parameterType="com.i2shopping.i2work.operation.core.employee.model.EmployeeGrade"> 
    <!--
      WARNING - This element is automatically generated by Apache iBATIS ibator, do not modify.
      This element was generated on Tue Jun 30 21:00:15 CST 2015.
    --> insert into tbl_employee_grade (GRADE_ID, GRADE_NAME) values (#{gradeId:VARCHAR}, #{gradeName:VARCHAR})
  </insert>
  <insert id="insertSelective" parameterType="com.i2shopping.i2work.operation.core.employee.model.EmployeeGrade"> 
    <!--
      WARNING - This element is automatically generated by Apache iBATIS ibator, do not modify.
      This element was generated on Tue Jun 30 21:00:15 CST 2015.
    --> insert into tbl_employee_grade 
    <trim prefix="("> 
      <if test="gradeId != null">GRADE_ID ,</if>  
      <if test="gradeName != null">GRADE_NAME ,</if> )
    </trim> values 
    <trim prefix="("> 
      <if test="gradeId != null">#{gradeId:VARCHAR} ,</if>  
      <if test="gradeName != null">#{gradeName:VARCHAR} ,</if> )
    </trim> 
  </insert>
  <select id="countByCriteria" parameterType="com.i2shopping.i2work.operation.core.employee.model.EmployeeGradeCriteria" resultType="java.lang.Integer"> 
    <!--
      WARNING - This element is automatically generated by Apache iBATIS ibator, do not modify.
      This element was generated on Tue Jun 30 21:00:15 CST 2015.
    --> select count(*) from tbl_employee_grade 
    <include refid="tbl_employee_grade.Criteria_Where_Clause"/> 
  </select>
  <update id="updateByCriteriaSelective"> 
    <!--
      WARNING - This element is automatically generated by Apache iBATIS ibator, do not modify.
      This element was generated on Tue Jun 30 21:00:15 CST 2015.
    --> update tbl_employee_grade 
    <trim prefix="set"> 
      <if test="record.gradeId != null">GRADE_ID = #{record.gradeId:VARCHAR} ,</if>  
      <if test="record.gradeName != null">GRADE_NAME = #{record.gradeName:VARCHAR} ,</if> 
    </trim>  
    <if test="_parameter != null"> 
      <include refid="tbl_employee_grade.Criteria_Where_Clause"/> 
    </if> 
  </update>
  <update id="updateByCriteria"> 
    <!--
      WARNING - This element is automatically generated by Apache iBATIS ibator, do not modify.
      This element was generated on Tue Jun 30 21:00:15 CST 2015.
    --> update tbl_employee_grade set GRADE_ID = #{record.gradeId:VARCHAR}, GRADE_NAME = #{record.gradeName:VARCHAR}
    <if test="_parameter != null"> 
      <include refid="tbl_employee_grade.Criteria_Where_Clause"/> 
    </if> 
  </update>
  <update id="updateByPrimaryKeySelective" parameterType="com.i2shopping.i2work.operation.core.employee.model.EmployeeGrade"> 
    <!--
      WARNING - This element is automatically generated by Apache iBATIS ibator, do not modify.
      This element was generated on Tue Jun 30 21:00:15 CST 2015.
    --> update tbl_employee_grade 
    <trim prefix="set"> 
      <if test="gradeName != null">GRADE_NAME = #{gradeName:VARCHAR} ,</if> 
    </trim> where GRADE_ID = #{gradeId:VARCHAR}
  </update>
  <update id="updateByPrimaryKey" parameterType="com.i2shopping.i2work.operation.core.employee.model.EmployeeGrade"> 
    <!--
      WARNING - This element is automatically generated by Apache iBATIS ibator, do not modify.
      This element was generated on Tue Jun 30 21:00:15 CST 2015.
    --> update tbl_employee_grade set GRADE_NAME = #{gradeName:VARCHAR} where GRADE_ID = #{gradeId:VARCHAR}
  </update>
  <select id="countGradePage" resultType="java.lang.Integer" parameterType="com.i2shopping.i2work.operation.core.employee.model.EmployeeGrade">select count(1) from tbl_employee_grade
    <trim prefix="where"> 
      <include refid="tbl_employee_grade.grade_Where_Clause"/> 
    </trim> 
  </select>
  <select id="selectGradePage" resultMap="ExtResultMap" parameterType="com.i2shopping.i2work.operation.core.employee.model.EmployeeGrade">SELECT * FROM tbl_employee_grade
    <trim prefix="where"> 
      <include refid="tbl_employee_grade.grade_Where_Clause"/> 
    </trim> 
  </select>
  <select id="selectGrassDuty" resultMap="ExtResultMap" parameterType="com.i2shopping.i2work.operation.core.employee.model.EmployeeGrade">SELECT * FROM tbl_employee_grade g , tbl_duty_grass_root_level_rel l
    <trim prefix="where">g.grade_id=l.duty_id 
      <if test="gradeName != null and gradeName != ''">and g.GRADE_NAME=#{gradeName:VARCHAR}</if>  
      <if test="properties.grassLevelId != null and properties.grassLevelId != ''">and l.grass_id=#{properties.grassLevelId:VARCHAR}</if> 
    </trim> 
  </select>
  <select id="selectByGradeName" parameterType="java.lang.String" resultMap="BaseResultMap">SELECT * FROM tbl_employee_grade where GRADE_NAME = #{value:VARCHAR}</select>
  <select id="selectByGradeId" parameterType="java.lang.String" resultMap="BaseResultMap">SELECT * FROM tbl_employee_grade where GRADE_ID = #{value:VARCHAR}</select>
</mapper>
