<?xml version="1.0" encoding="UTF-8"?>
<!DOCTYPE mapper PUBLIC "-//mybatis.org//DTD Mapper 3.0//EN" "http://mybatis.org/dtd/mybatis-3-mapper.dtd">

<mapper namespace="tbl_grassroot_level">
  <resultMap id="BaseResultMap" type="com.i2shopping.i2work.operation.core.employee.model.GrassrootLevel">
    <!--
      WARNING - This element is automatically generated by Apache iBATIS ibator, do not modify.
      This element was generated on Sun Aug 23 14:18:49 CST 2015.
    -->
    <result column="ID" property="id" jdbcType="VARCHAR"/>
    <result column="NAME" property="name" jdbcType="VARCHAR"/>
    <result column="ROLE_GRADE" property="roleGrade" jdbcType="CHAR"/>
  </resultMap>
  <sql id="grassrootLevel_Where_Clause"> 
    <if test="name != null and name != ''">and tbl_grassroot_level.NAME like concat('%', #{name:VARCHAR}, '%')</if>  
    <if test="roleGrade != null and roleGrade != ''">and tbl_grassroot_level.ROLE_GRADE=#{roleGrade:CHAR}</if> 
  </sql>
  <sql id="Criteria_Where_Clause"> 
    <!--
      WARNING - This element is automatically generated by Apache iBATIS ibator, do not modify.
      This element was generated on Sun Aug 23 14:18:49 CST 2015.
    -->  
    <iterate property="oredCriteria" conjunction="or" prepend="where" removeFirstPrepend="iterate"> 
      <if test="oredCriteria[].valid!= null and oredCriteria[].valid == 'true'.toString()">( 
        <iterate prepend="and" property="oredCriteria[].criteriaWithoutValue" conjunction="and">$oredCriteria[].criteriaWithoutValue[]$</iterate>  
        <iterate prepend="and" property="oredCriteria[].criteriaWithSingleValue" conjunction="and">$oredCriteria[].criteriaWithSingleValue[].condition$ #{oredCriteria[].criteriaWithSingleValue[].value}</iterate>  
        <iterate prepend="and" property="oredCriteria[].criteriaWithListValue" conjunction="and">$oredCriteria[].criteriaWithListValue[].condition$
          <iterate property="oredCriteria[].criteriaWithListValue[].values" open="(" close=")" conjunction=",">#{oredCriteria[].criteriaWithListValue[].values[]}</iterate> 
        </iterate>  
        <iterate prepend="and" property="oredCriteria[].criteriaWithBetweenValue" conjunction="and">$oredCriteria[].criteriaWithBetweenValue[].condition$ #{oredCriteria[].criteriaWithBetweenValue[].values[0]} and #{oredCriteria[].criteriaWithBetweenValue[].values[1]}</iterate> )
      </if> 
    </iterate> 
  </sql>
  <select id="selectByCriteria" resultMap="BaseResultMap" parameterType="com.i2shopping.i2work.operation.core.employee.model.GrassrootLevelCriteria"> 
    <!--
      WARNING - This element is automatically generated by Apache iBATIS ibator, do not modify.
      This element was generated on Sun Aug 23 14:18:49 CST 2015.
    --> select ID, NAME, ROLE_GRADE from tbl_grassroot_level
    <if test="_parameter != null"> 
      <include refid="tbl_grassroot_level.Criteria_Where_Clause"/>  
      <if test="orderByClause != null">order by ${orderByClause}</if> 
    </if> 
  </select>
  <select id="selectByPrimaryKey" resultMap="BaseResultMap" parameterType="com.i2shopping.i2work.operation.core.employee.model.GrassrootLevel"> 
    <!--
      WARNING - This element is automatically generated by Apache iBATIS ibator, do not modify.
      This element was generated on Sun Aug 23 14:18:49 CST 2015.
    --> select ID, NAME, ROLE_GRADE from tbl_grassroot_level where ID = #{id:VARCHAR}
  </select>
  <delete id="deleteByPrimaryKey" parameterType="com.i2shopping.i2work.operation.core.employee.model.GrassrootLevel"> 
    <!--
      WARNING - This element is automatically generated by Apache iBATIS ibator, do not modify.
      This element was generated on Sun Aug 23 14:18:49 CST 2015.
    --> delete from tbl_grassroot_level where ID = #{id:VARCHAR}
  </delete>
  <delete id="deleteByCriteria" parameterType="com.i2shopping.i2work.operation.core.employee.model.GrassrootLevelCriteria"> 
    <!--
      WARNING - This element is automatically generated by Apache iBATIS ibator, do not modify.
      This element was generated on Sun Aug 23 14:18:49 CST 2015.
    --> delete from tbl_grassroot_level 
    <include refid="tbl_grassroot_level.Criteria_Where_Clause"/> 
  </delete>
  <insert id="insert" parameterType="com.i2shopping.i2work.operation.core.employee.model.GrassrootLevel"> 
    <!--
      WARNING - This element is automatically generated by Apache iBATIS ibator, do not modify.
      This element was generated on Sun Aug 23 14:18:49 CST 2015.
    --> insert into tbl_grassroot_level (ID, NAME, ROLE_GRADE) values (#{id:VARCHAR}, #{name:VARCHAR}, #{roleGrade:CHAR})
  </insert>
  <insert id="insertSelective" parameterType="com.i2shopping.i2work.operation.core.employee.model.GrassrootLevel"> 
    <!--
      WARNING - This element is automatically generated by Apache iBATIS ibator, do not modify.
      This element was generated on Sun Aug 23 14:18:49 CST 2015.
    --> insert into tbl_grassroot_level 
    <trim prefix="("> 
      <if test="id != null">ID ,</if>  
      <if test="name != null">NAME ,</if>  
      <if test="roleGrade != null">ROLE_GRADE ,</if> )
    </trim> values 
    <trim prefix="("> 
      <if test="id != null">#{id:VARCHAR} ,</if>  
      <if test="name != null">#{name:VARCHAR} ,</if>  
      <if test="roleGrade != null">#{roleGrade:CHAR} ,</if> )
    </trim> 
  </insert>
  <select id="countByCriteria" parameterType="com.i2shopping.i2work.operation.core.employee.model.GrassrootLevelCriteria" resultType="java.lang.Integer"> 
    <!--
      WARNING - This element is automatically generated by Apache iBATIS ibator, do not modify.
      This element was generated on Sun Aug 23 14:18:49 CST 2015.
    --> select count(*) from tbl_grassroot_level 
    <include refid="tbl_grassroot_level.Criteria_Where_Clause"/> 
  </select>
  <update id="updateByCriteriaSelective"> 
    <!--
      WARNING - This element is automatically generated by Apache iBATIS ibator, do not modify.
      This element was generated on Sun Aug 23 14:18:49 CST 2015.
    --> update tbl_grassroot_level 
    <trim prefix="set"> 
      <if test="record.id != null">ID = #{record.id:VARCHAR} ,</if>  
      <if test="record.name != null">NAME = #{record.name:VARCHAR} ,</if>  
      <if test="record.roleGrade != null">ROLE_GRADE = #{record.roleGrade:CHAR} ,</if> 
    </trim>  
    <if test="_parameter != null"> 
      <include refid="tbl_grassroot_level.Criteria_Where_Clause"/> 
    </if> 
  </update>
  <update id="updateByCriteria"> 
    <!--
      WARNING - This element is automatically generated by Apache iBATIS ibator, do not modify.
      This element was generated on Sun Aug 23 14:18:49 CST 2015.
    --> update tbl_grassroot_level set ID = #{record.id:VARCHAR}, NAME = #{record.name:VARCHAR}, ROLE_GRADE = #{record.roleGrade:CHAR}
    <if test="_parameter != null"> 
      <include refid="tbl_grassroot_level.Criteria_Where_Clause"/> 
    </if> 
  </update>
  <update id="updateByPrimaryKeySelective" parameterType="com.i2shopping.i2work.operation.core.employee.model.GrassrootLevel"> 
    <!--
      WARNING - This element is automatically generated by Apache iBATIS ibator, do not modify.
      This element was generated on Sun Aug 23 14:18:49 CST 2015.
    --> update tbl_grassroot_level 
    <trim prefix="set"> 
      <if test="name != null">NAME = #{name:VARCHAR} ,</if>  
      <if test="roleGrade != null">ROLE_GRADE = #{roleGrade:CHAR} ,</if> 
    </trim> where ID = #{id:VARCHAR}
  </update>
  <update id="updateByPrimaryKey" parameterType="com.i2shopping.i2work.operation.core.employee.model.GrassrootLevel"> 
    <!--
      WARNING - This element is automatically generated by Apache iBATIS ibator, do not modify.
      This element was generated on Sun Aug 23 14:18:49 CST 2015.
    --> update tbl_grassroot_level set NAME = #{name:VARCHAR}, ROLE_GRADE = #{roleGrade:CHAR} where ID = #{id:VARCHAR}
  </update>
  <select id="countGrassRootLevels" parameterType="com.i2shopping.i2work.operation.core.employee.model.GrassrootLevel" resultType="java.lang.Integer">SELECT count(1) FROM tbl_grassroot_level
    <trim prefix="where"> 
      <include refid="tbl_grassroot_level.grassrootLevel_Where_Clause"/> 
    </trim> 
  </select>
  <select id="selectByGrassRootLevelsByPage" parameterType="com.i2shopping.i2work.operation.core.employee.model.GrassrootLevel" resultMap="BaseResultMap">SELECT * FROM tbl_grassroot_level
    <trim prefix="where"> 
      <include refid="tbl_grassroot_level.grassrootLevel_Where_Clause"/> 
    </trim> 
  </select>
  <select id="selectGrassLevelByParams" parameterType="com.i2shopping.i2work.operation.core.employee.model.GrassrootLevel" resultMap="BaseResultMap">SELECT * FROM tbl_grassroot_level
    <trim prefix="where"> 
      <include refid="tbl_grassroot_level.grassrootLevel_Where_Clause"/> 
    </trim> 
  </select>
  <select id="selectByGrassId" resultMap="BaseResultMap" parameterType="java.lang.String">SELECT * FROM tbl_grassroot_level where ID = #{value:VARCHAR}</select>
</mapper>
