<?xml version="1.0" encoding="UTF-8"?>
<!DOCTYPE mapper PUBLIC "-//mybatis.org//DTD Mapper 3.0//EN" "http://mybatis.org/dtd/mybatis-3-mapper.dtd">

<mapper namespace="tbl_share_param">
  <resultMap id="BaseResultMap" type="com.i2shopping.i2work.operation.core.shareParam.model.ShareParam">
    <!--
      WARNING - This element is automatically generated by Apache iBATIS ibator, do not modify.
      This element was generated on Fri Dec 04 10:10:03 CST 2015.
    -->
    <result column="CREATE_TIME" property="createTime" jdbcType="TIMESTAMP"/>
    <result column="EMPLOYEE_ID" property="employeeId" jdbcType="VARCHAR"/>
    <result column="SHARE_INFO_ID" property="shareInfoId" jdbcType="VARCHAR"/>
    <result column="ISHARED" property="ishared" jdbcType="CHAR"/>
  </resultMap>
  <sql id="Criteria_Where_Clause"> 
    <!--
      WARNING - This element is automatically generated by Apache iBATIS ibator, do not modify.
      This element was generated on Fri Dec 04 10:10:03 CST 2015.
    -->  
    <iterate property="oredCriteria" conjunction="or" prepend="where" removeFirstPrepend="iterate"> 
      <if test="oredCriteria[].valid!= null and oredCriteria[].valid == 'true'.toString()">( 
        <iterate prepend="and" property="oredCriteria[].criteriaWithoutValue" conjunction="and">$oredCriteria[].criteriaWithoutValue[]$</iterate>  
        <iterate prepend="and" property="oredCriteria[].criteriaWithSingleValue" conjunction="and">$oredCriteria[].criteriaWithSingleValue[].condition$ #{oredCriteria[].criteriaWithSingleValue[].value}</iterate>  
        <iterate prepend="and" property="oredCriteria[].criteriaWithListValue" conjunction="and">$oredCriteria[].criteriaWithListValue[].condition$
          <iterate property="oredCriteria[].criteriaWithListValue[].values" open="(" close=")" conjunction=",">#{oredCriteria[].criteriaWithListValue[].values[]}</iterate> 
        </iterate>  
        <iterate prepend="and" property="oredCriteria[].criteriaWithBetweenValue" conjunction="and">$oredCriteria[].criteriaWithBetweenValue[].condition$ #{oredCriteria[].criteriaWithBetweenValue[].values[0]} and #{oredCriteria[].criteriaWithBetweenValue[].values[1]}</iterate> )
      </if> 
    </iterate> 
  </sql>
  <select id="selectByCriteria" resultMap="BaseResultMap" parameterType="com.i2shopping.i2work.operation.core.shareParam.model.ShareParamCriteria"> 
    <!--
      WARNING - This element is automatically generated by Apache iBATIS ibator, do not modify.
      This element was generated on Fri Dec 04 10:10:03 CST 2015.
    --> select CREATE_TIME, EMPLOYEE_ID, SHARE_INFO_ID, ISHARED from tbl_share_param
    <if test="_parameter != null"> 
      <include refid="tbl_share_param.Criteria_Where_Clause"/>  
      <if test="orderByClause != null">order by ${orderByClause}</if> 
    </if> 
  </select>
  <select id="selectByPrimaryKey" resultMap="BaseResultMap" parameterType="com.i2shopping.i2work.operation.core.shareParam.model.ShareParamKey"> 
    <!--
      WARNING - This element is automatically generated by Apache iBATIS ibator, do not modify.
      This element was generated on Fri Dec 04 10:10:03 CST 2015.
    --> select CREATE_TIME, EMPLOYEE_ID, SHARE_INFO_ID, ISHARED from tbl_share_param where CREATE_TIME = #{createTime:TIMESTAMP} and EMPLOYEE_ID = #{employeeId:VARCHAR}
  </select>
  <delete id="deleteByPrimaryKey" parameterType="com.i2shopping.i2work.operation.core.shareParam.model.ShareParamKey"> 
    <!--
      WARNING - This element is automatically generated by Apache iBATIS ibator, do not modify.
      This element was generated on Fri Dec 04 10:10:03 CST 2015.
    --> delete from tbl_share_param where CREATE_TIME = #{createTime:TIMESTAMP} and EMPLOYEE_ID = #{employeeId:VARCHAR}
  </delete>
  <delete id="deleteByCriteria" parameterType="com.i2shopping.i2work.operation.core.shareParam.model.ShareParamCriteria"> 
    <!--
      WARNING - This element is automatically generated by Apache iBATIS ibator, do not modify.
      This element was generated on Fri Dec 04 10:10:03 CST 2015.
    --> delete from tbl_share_param 
    <include refid="tbl_share_param.Criteria_Where_Clause"/> 
  </delete>
  <insert id="insert" parameterType="com.i2shopping.i2work.operation.core.shareParam.model.ShareParam"> 
    <!--
      WARNING - This element is automatically generated by Apache iBATIS ibator, do not modify.
      This element was generated on Fri Dec 04 10:10:03 CST 2015.
    --> insert into tbl_share_param (CREATE_TIME, EMPLOYEE_ID, SHARE_INFO_ID, ISHARED) values (#{createTime:TIMESTAMP}, #{employeeId:VARCHAR}, #{shareInfoId:VARCHAR}, #{ishared:CHAR})
  </insert>
  <insert id="insertSelective" parameterType="com.i2shopping.i2work.operation.core.shareParam.model.ShareParam"> 
    <!--
      WARNING - This element is automatically generated by Apache iBATIS ibator, do not modify.
      This element was generated on Fri Dec 04 10:10:03 CST 2015.
    --> insert into tbl_share_param 
    <trim prefix="("> 
      <if test="createTime != null">CREATE_TIME ,</if>  
      <if test="employeeId != null">EMPLOYEE_ID ,</if>  
      <if test="shareInfoId != null">SHARE_INFO_ID ,</if>  
      <if test="ishared != null">ISHARED ,</if> )
    </trim> values 
    <trim prefix="("> 
      <if test="createTime != null">#{createTime:TIMESTAMP} ,</if>  
      <if test="employeeId != null">#{employeeId:VARCHAR} ,</if>  
      <if test="shareInfoId != null">#{shareInfoId:VARCHAR} ,</if>  
      <if test="ishared != null">#{ishared:CHAR} ,</if> )
    </trim> 
  </insert>
  <select id="countByCriteria" parameterType="com.i2shopping.i2work.operation.core.shareParam.model.ShareParamCriteria" resultType="java.lang.Integer"> 
    <!--
      WARNING - This element is automatically generated by Apache iBATIS ibator, do not modify.
      This element was generated on Fri Dec 04 10:10:03 CST 2015.
    --> select count(*) from tbl_share_param 
    <include refid="tbl_share_param.Criteria_Where_Clause"/> 
  </select>
  <update id="updateByCriteriaSelective"> 
    <!--
      WARNING - This element is automatically generated by Apache iBATIS ibator, do not modify.
      This element was generated on Fri Dec 04 10:10:03 CST 2015.
    --> update tbl_share_param 
    <trim prefix="set"> 
      <if test="record.createTime != null">CREATE_TIME = #{record.createTime:TIMESTAMP} ,</if>  
      <if test="record.employeeId != null">EMPLOYEE_ID = #{record.employeeId:VARCHAR} ,</if>  
      <if test="record.shareInfoId != null">SHARE_INFO_ID = #{record.shareInfoId:VARCHAR} ,</if>  
      <if test="record.ishared != null">ISHARED = #{record.ishared:CHAR} ,</if> 
    </trim>  
    <if test="_parameter != null"> 
      <include refid="tbl_share_param.Criteria_Where_Clause"/> 
    </if> 
  </update>
  <update id="updateByCriteria"> 
    <!--
      WARNING - This element is automatically generated by Apache iBATIS ibator, do not modify.
      This element was generated on Fri Dec 04 10:10:03 CST 2015.
    --> update tbl_share_param set CREATE_TIME = #{record.createTime:TIMESTAMP}, EMPLOYEE_ID = #{record.employeeId:VARCHAR}, SHARE_INFO_ID = #{record.shareInfoId:VARCHAR}, ISHARED = #{record.ishared:CHAR}
    <if test="_parameter != null"> 
      <include refid="tbl_share_param.Criteria_Where_Clause"/> 
    </if> 
  </update>
  <update id="updateByPrimaryKeySelective" parameterType="com.i2shopping.i2work.operation.core.shareParam.model.ShareParam"> 
    <!--
      WARNING - This element is automatically generated by Apache iBATIS ibator, do not modify.
      This element was generated on Fri Dec 04 10:10:03 CST 2015.
    --> update tbl_share_param
    <trim prefix="set"> 
      <if test="shareInfoId != null">SHARE_INFO_ID = #{shareInfoId:VARCHAR} ,</if>  
      <if test="ishared != null">ISHARED = #{ishared:CHAR} ,</if> 
    </trim> where CREATE_TIME = #{createTime:TIMESTAMP} and EMPLOYEE_ID = #{employeeId:VARCHAR}
  </update>
  <update id="updateByPrimaryKey" parameterType="com.i2shopping.i2work.operation.core.shareParam.model.ShareParam"> 
    <!--
      WARNING - This element is automatically generated by Apache iBATIS ibator, do not modify.
      This element was generated on Fri Dec 04 10:10:03 CST 2015.
    --> update tbl_share_param set SHARE_INFO_ID = #{shareInfoId:VARCHAR}, ISHARED = #{ishared:CHAR} where CREATE_TIME = #{createTime:TIMESTAMP} and EMPLOYEE_ID = #{employeeId:VARCHAR}
  </update>
  <!--  之修改分享状态 其他不修改 -->
  <update id="updateByIsShareInfo" parameterType="com.i2shopping.i2work.operation.core.shareParam.model.ShareParam"> 
    <!-- 
      WARNING - This element is automatically generated by Apache iBATIS ibator, do not modify.
      This element was generated on Fri Dec 04 10:10:03 CST 2015.
    --> update tbl_share_param set ISHARED = #{ishared:CHAR} where EMPLOYEE_ID = #{employeeId:VARCHAR} and SHARE_INFO_ID = #{shareInfoId:VARCHAR}
  </update>
  <select id="selectByPrimaryByDayShare" resultMap="BaseResultMap" parameterType="com.i2shopping.i2work.operation.core.shareParam.model.ShareParam"> 
    <!--
      WARNING - This element is automatically generated by Apache iBATIS ibator, do not modify.
      This element was generated on Fri Dec 04 10:10:03 CST 2015.
    --> select CREATE_TIME, EMPLOYEE_ID, SHARE_INFO_ID, ISHARED from tbl_share_param
    <trim prefix="where"> 
      <if test="shareInfoId != null and shareInfoId != ''">and SHARE_INFO_ID = #{shareInfoId:VARCHAR}</if>  
      <if test="employeeId != null and employeeId != ''">and EMPLOYEE_ID = #{employeeId:VARCHAR}</if>  
      <if test="createTime != null and createTime != ''">and date_format(CREATE_TIME,'%Y-%m-%d')= date_format(#{createTime:TIMESTAMP},'%Y-%m-%d')</if> 
    </trim> 
  </select>
</mapper>
