<?xml version="1.0" encoding="UTF-8"?>
<!DOCTYPE mapper PUBLIC "-//mybatis.org//DTD Mapper 3.0//EN" "http://mybatis.org/dtd/mybatis-3-mapper.dtd">

<mapper namespace="tbl_project_menu">
  <resultMap id="BaseResultMap" type="com.i2shopping.i2work.operation.core.project.model.ProjectMenu">
    <!--
          WARNING - This element is automatically generated by Apache iBATIS ibator, do not modify.
          This element was generated on Mon Jun 22 11:31:33 CST 2015.
        -->
    <result column="role_id" property="roleId" jdbcType="VARCHAR"/>
    <result column="role_checked" property="roleChecked" jdbcType="VARCHAR"/>
    <result column="role_entilenment" property="roleEntilenment" jdbcType="VARCHAR"/>
  </resultMap>
  <!-- 查询所有角色的项目 -->
  <select id="queryUserProjectMenu" resultMap="BaseResultMap" parameterType="com.i2shopping.i2work.operation.core.project.model.ProjectMenu">SELECT * FROM tbl_project_menu where 1=1
    <if test="roleId != null">and role_id = #{roleId:VARCHAR}</if>  
    <if test="roleChecked != null">and role_checked = #{roleChecked:VARCHAR}</if>  
    <if test="roleEntilenment != null">and role_entilenment = #{roleEntilenment:VARCHAR}</if> 
  </select>
  <update id="updateUserProjectMenu" parameterType="com.i2shopping.i2work.operation.core.project.model.ProjectMenu">update tbl_project_menu set role_checked = #{roleChecked:VARCHAR} where 1=1
    <if test="roleId != null">and role_id = #{roleId:VARCHAR}</if>  
    <if test="roleEntilenment != null">and role_entilenment = #{roleEntilenment:VARCHAR}</if> 
  </update>
  <insert id="insertUserRoleEnt" parameterType="com.i2shopping.i2work.operation.core.project.model.ProjectMenu">insert into tbl_project_menu (role_id,role_checked,role_entilenment) values (#{roleId:VARCHAR}, #{roleChecked:VARCHAR}, #{roleEntilenment:VARCHAR})</insert>
  <!--查询特定角色对应的项目ID-->
  <select id="selectConByRoleId" parameterType="java.lang.String" resultMap="BaseResultMap">SELECT * FROM tbl_project_menu WHERE role_checked=1 AND role_id=#{roleId:VARCHAR}</select>
  <select id="selectProjectByRoleId" parameterType="java.lang.String" resultMap="tbl_project_info.BaseResultMap">SELECT t2.* from tbl_project_menu t1,tbl_project_info t2 WHERE t1.role_checked='1' and role_id=#{roleId:VARCHAR} AND t1.role_entilenment=t2.contract_no and t2.plan_end_date&gt;=SYSDATE();</select>
</mapper>
