<?xml version="1.0" encoding="UTF-8"?>
<!DOCTYPE mapper PUBLIC "-//mybatis.org//DTD Mapper 3.0//EN" "http://mybatis.org/dtd/mybatis-3-mapper.dtd">

<mapper namespace="tbl_project_team_emp_rel">
  <resultMap id="BaseResultMap" type="com.i2shopping.i2work.operation.core.project.model.ProjectTeamEmpRel">
    <!--
      WARNING - This element is automatically generated by Apache iBATIS ibator, do not modify.
      This element was generated on Mon Jun 22 14:04:06 CST 2015.
    -->
    <result column="CONTRACT_TEAM_NO" property="contractTeamNo" jdbcType="VARCHAR"/>
    <result column="EMPLOYEE_ID" property="employeeId" jdbcType="VARCHAR"/>
  </resultMap>
  <sql id="Criteria_Where_Clause"> 
    <!--
      WARNING - This element is automatically generated by Apache iBATIS ibator, do not modify.
      This element was generated on Mon Jun 22 14:04:06 CST 2015.
    -->  
    <iterate property="oredCriteria" conjunction="or" prepend="where" removeFirstPrepend="iterate"> 
      <if test="oredCriteria[].valid!= null and oredCriteria[].valid == 'true'.toString()">( 
        <iterate prepend="and" property="oredCriteria[].criteriaWithoutValue" conjunction="and">$oredCriteria[].criteriaWithoutValue[]$</iterate>  
        <iterate prepend="and" property="oredCriteria[].criteriaWithSingleValue" conjunction="and">$oredCriteria[].criteriaWithSingleValue[].condition$ #{oredCriteria[].criteriaWithSingleValue[].value}</iterate>  
        <iterate prepend="and" property="oredCriteria[].criteriaWithListValue" conjunction="and">$oredCriteria[].criteriaWithListValue[].condition$
          <iterate property="oredCriteria[].criteriaWithListValue[].values" open="(" close=")" conjunction=",">#{oredCriteria[].criteriaWithListValue[].values[]}</iterate> 
        </iterate>  
        <iterate prepend="and" property="oredCriteria[].criteriaWithBetweenValue" conjunction="and">$oredCriteria[].criteriaWithBetweenValue[].condition$ #{oredCriteria[].criteriaWithBetweenValue[].values[0]} and #{oredCriteria[].criteriaWithBetweenValue[].values[1]}</iterate> )
      </if> 
    </iterate> 
  </sql>
  <select id="selectByCriteria" resultMap="BaseResultMap" parameterType="com.i2shopping.i2work.operation.core.project.model.ProjectTeamEmpRelCriteria"> 
    <!--
      WARNING - This element is automatically generated by Apache iBATIS ibator, do not modify.
      This element was generated on Mon Jun 22 14:04:06 CST 2015.
    --> select CONTRACT_TEAM_NO, EMPLOYEE_ID from tbl_project_team_emp_rel
    <if test="_parameter != null"> 
      <include refid="tbl_project_team_emp_rel.Criteria_Where_Clause"/>  
      <if test="orderByClause != null">order by ${orderByClause}</if> 
    </if> 
  </select>
  <delete id="deleteByCriteria" parameterType="com.i2shopping.i2work.operation.core.project.model.ProjectTeamEmpRelCriteria"> 
    <!--
      WARNING - This element is automatically generated by Apache iBATIS ibator, do not modify.
      This element was generated on Mon Jun 22 14:04:06 CST 2015.
    --> delete from tbl_project_team_emp_rel 
    <include refid="tbl_project_team_emp_rel.Criteria_Where_Clause"/> 
  </delete>
  <insert id="insert" parameterType="com.i2shopping.i2work.operation.core.project.model.ProjectTeamEmpRel"> 
    <!--
      WARNING - This element is automatically generated by Apache iBATIS ibator, do not modify.
      This element was generated on Mon Jun 22 14:04:06 CST 2015.
    --> insert into tbl_project_team_emp_rel (CONTRACT_TEAM_NO, EMPLOYEE_ID) values (#{contractTeamNo:VARCHAR}, #{employeeId:VARCHAR})
  </insert>
  <insert id="insertSelective" parameterType="com.i2shopping.i2work.operation.core.project.model.ProjectTeamEmpRel"> 
    <!--
      WARNING - This element is automatically generated by Apache iBATIS ibator, do not modify.
      This element was generated on Mon Jun 22 14:04:06 CST 2015.
    --> insert into tbl_project_team_emp_rel 
    <trim prefix="("> 
      <if test="contractTeamNo != null">CONTRACT_TEAM_NO ,</if>  
      <if test="employeeId != null">EMPLOYEE_ID ,</if> )
    </trim> values 
    <trim prefix="("> 
      <if test="contractTeamNo != null">#{contractTeamNo:VARCHAR} ,</if>  
      <if test="employeeId != null">#{employeeId:VARCHAR} ,</if> )
    </trim> 
  </insert>
  <select id="countByCriteria" parameterType="com.i2shopping.i2work.operation.core.project.model.ProjectTeamEmpRelCriteria" resultType="java.lang.Integer"> 
    <!--
      WARNING - This element is automatically generated by Apache iBATIS ibator, do not modify.
      This element was generated on Mon Jun 22 14:04:06 CST 2015.
    --> select count(*) from tbl_project_team_emp_rel 
    <include refid="tbl_project_team_emp_rel.Criteria_Where_Clause"/> 
  </select>
  <update id="updateByCriteriaSelective"> 
    <!--
      WARNING - This element is automatically generated by Apache iBATIS ibator, do not modify.
      This element was generated on Mon Jun 22 14:04:06 CST 2015.
    --> update tbl_project_team_emp_rel 
    <trim prefix="set"> 
      <if test="record.contractTeamNo != null">CONTRACT_TEAM_NO = #{record.contractTeamNo:VARCHAR} ,</if>  
      <if test="record.employeeId != null">EMPLOYEE_ID = #{record.employeeId:VARCHAR} ,</if> 
    </trim>  
    <if test="_parameter != null"> 
      <include refid="tbl_project_team_emp_rel.Criteria_Where_Clause"/> 
    </if> 
  </update>
  <update id="updateByCriteria"> 
    <!--
      WARNING - This element is automatically generated by Apache iBATIS ibator, do not modify.
      This element was generated on Mon Jun 22 14:04:06 CST 2015.
    --> update tbl_project_team_emp_rel set CONTRACT_TEAM_NO = #{record.contractTeamNo:VARCHAR}, EMPLOYEE_ID = #{record.employeeId:VARCHAR}
    <if test="_parameter != null"> 
      <include refid="tbl_project_team_emp_rel.Criteria_Where_Clause"/> 
    </if> 
  </update>
</mapper>
