<?xml version="1.0" encoding="UTF-8"?>
<!DOCTYPE mapper PUBLIC "-//mybatis.org//DTD Mapper 3.0//EN" "http://mybatis.org/dtd/mybatis-3-mapper.dtd">

<mapper namespace="tbl_project_etc">
  <resultMap id="BaseResultMap" type="com.i2shopping.i2work.operation.core.project.model.ProjectEtc">
    <!--
          WARNING - This element is automatically generated by Apache iBATIS ibator, do not modify.
          This element was generated on Sun Jun 21 23:41:48 CST 2015.
        -->
    <result column="contract_no" property="contractNo" jdbcType="VARCHAR"/>
    <result column="employee_id" property="employeeId" jdbcType="CHAR"/>
    <result column="labour_amount" property="labourAmount" jdbcType="DECIMAL"/>
    <result column="is_foreign" property="isForeign" jdbcType="VARCHAR"/>
    <result column="is_Leave" property="isLeave" jdbcType="VARCHAR"/>
    <result column="JOIN_TIME" property="joinTime" jdbcType="TIMESTAMP"/>
    <result column="LEAVE_TIME" property="leaveTime" jdbcType="TIMESTAMP"/>
  </resultMap>
  <resultMap id="EmployeeResultMap" type="com.i2shopping.i2work.operation.core.employee.model.EmployeeInfo">
    <result column="EMPLOYEE_ID" property="employeeId" jdbcType="VARCHAR"/>
    <result column="EMPLOYEE_NAME" property="employeeName" jdbcType="VARCHAR"/>
    <result column="EMPLOYEE_GRADE" property="employeeGrade" jdbcType="CHAR"/>
    <result column="MOBILE" property="mobile" jdbcType="CHAR"/>
    <result column="EMAIL" property="email" jdbcType="VARCHAR"/>
    <result column="CARDID" property="cardid" jdbcType="VARCHAR"/>
    <result column="EMPLOYEE_DUTY" property="employeeDuty" jdbcType="VARCHAR"/>
    <result column="DEPARTMENT_ID" property="departmentId" jdbcType="CHAR"/>
    <result column="IS_ON_DUTY" property="isOnDuty" jdbcType="CHAR"/>
    <result column="INTEGRATION" property="integration" jdbcType="INTEGER"/>
    <result column="STOCK" property="stock" jdbcType="INTEGER"/>
    <result column="LEVEL" property="level" jdbcType="INTEGER"/>
    <result column="IMAGE_ID" property="imageId" jdbcType="VARCHAR"/>
    <result column="BOARDING_TIME" property="boardingTime" jdbcType="DATE"/>
    <result column="EMPLOYEE_ADRESS" property="employeeAdress" jdbcType="VARCHAR"/>
    <result column="SEX" property="sex" jdbcType="CHAR"/>
    <result column="EMPLOYEE_NATION" property="employeeNation" jdbcType="VARCHAR"/>
    <result column="BIRTH_TIME" property="birthTime" jdbcType="DATE"/>
    <result column="WORK_LIFE" property="workLife" jdbcType="DECIMAL"/>
    <result column="DEGREE" property="degree" jdbcType="VARCHAR"/>
    <result column="LEAVE_TIME" property="leaveTime" jdbcType="DATE"/>
    <result column="HUKOU" property="hukou" jdbcType="VARCHAR"/>
    <result column="HUKOU_TYPE" property="hukouType" jdbcType="CHAR"/>
    <result column="MARRIED_STATUS" property="marriedStatus" jdbcType="CHAR"/>
    <result column="POLITICS_STATUS" property="politicsStatus" jdbcType="CHAR"/>
    <result column="EDUCATION_BACKGROUND" property="educationBackground" jdbcType="CHAR"/>
    <result column="GRADUTED_SCHOOL" property="gradutedSchool" jdbcType="VARCHAR"/>
    <result column="MAJOR" property="major" jdbcType="VARCHAR"/>
    <result column="GRADUTED_TIME" property="gradutedTime" jdbcType="DATE"/>
    <result column="BEGIN_WORK_TIME" property="beginWorkTime" jdbcType="DATE"/>
    <result column="LABOR_CONTRACT_BEGIN_TIME" property="laborContractBeginTime" jdbcType="DATE"/>
    <result column="Expected_positive_time" property="expectedPositiveTime" jdbcType="DATE"/>
    <result column="actual_positive_time" property="actualPositiveTime" jdbcType="DATE"/>
    <result column="household_address" property="householdAddress" jdbcType="VARCHAR"/>
    <result column="Employment_way" property="employmentWay" jdbcType="VARCHAR"/>
    <result column="LEAVE_REASON" property="leaveReason" jdbcType="VARCHAR"/>
  </resultMap>
  <resultMap id="ResultMapExt" extends="BaseResultMap" type="com.i2shopping.i2work.operation.core.project.model.ProjectEtc">
    <association property="employeeInfo" select="tbl_employee_info.selectByEmployeeId" column="EMPLOYEE_ID"/>
  </resultMap>
  <sql id="etc_Where_clause"> 
    <if test="contractNo != null and contractNo != ''">and TBL_PROJECT_ETC.contract_no=#{contractNo:VARCHAR}</if> 
  </sql>
  <sql id="Criteria_Where_Clause"> 
    <!--
          WARNING - This element is automatically generated by Apache iBATIS ibator, do not modify.
          This element was generated on Sun Jun 21 23:41:48 CST 2015.
        -->  
    <iterate property="oredCriteria" conjunction="or" prepend="where" removeFirstPrepend="iterate"> 
      <if test="oredCriteria[].valid!= null and oredCriteria[].valid == 'true'.toString()">( 
        <iterate prepend="and" property="oredCriteria[].criteriaWithoutValue" conjunction="and">$oredCriteria[].criteriaWithoutValue[]$</iterate>  
        <iterate prepend="and" property="oredCriteria[].criteriaWithSingleValue" conjunction="and">$oredCriteria[].criteriaWithSingleValue[].condition$ #{oredCriteria[].criteriaWithSingleValue[].value}</iterate>  
        <iterate prepend="and" property="oredCriteria[].criteriaWithListValue" conjunction="and">$oredCriteria[].criteriaWithListValue[].condition$
          <iterate property="oredCriteria[].criteriaWithListValue[].values" open="(" close=")" conjunction=",">#{oredCriteria[].criteriaWithListValue[].values[]}</iterate> 
        </iterate>  
        <iterate prepend="and" property="oredCriteria[].criteriaWithBetweenValue" conjunction="and">$oredCriteria[].criteriaWithBetweenValue[].condition$ #{oredCriteria[].criteriaWithBetweenValue[].values[0]} and #{oredCriteria[].criteriaWithBetweenValue[].values[1]}</iterate> )
      </if> 
    </iterate> 
  </sql>
  <!-- 查询该项目组的人数 -->
  <select id="selectAllEmployee" resultType="java.lang.Integer" parameterType="java.lang.String">select count(*) from tbl_project_etc where contract_no=#{contractNo:VARCHAR} and is_leave='00'</select>
  <!-- 查询该用户相同项目号的同事 -->
  <select id="selectProjectEtcList" resultMap="BaseResultMap" parameterType="java.lang.String">select * from tbl_project_etc where contract_no = ( select contract_no from tbl_project_etc where employee_id = #{employeeId:CHAR} and is_leave='00') and is_leave='00'</select>
  <!-- 查询该用户相同项目号的同事 -->
  <select id="selectProjectEtcByContractNo" resultMap="BaseResultMap" parameterType="java.lang.String">select * from tbl_project_etc where contract_no=#{contractNo:VARCHAR} and is_leave='00'</select>
  <select id="selectByCriteria" resultMap="BaseResultMap" parameterType="com.i2shopping.i2work.operation.core.project.model.ProjectEtcCriteria"> 
    <!--
          WARNING - This element is automatically generated by Apache iBATIS ibator, do not modify.
          This element was generated on Sun Jun 21 23:41:48 CST 2015.
        --> select contract_no, employee_id, labour_amount, is_foreign, is_Leave, JOIN_TIME, LEAVE_TIME from tbl_project_etc
    <if test="_parameter != null"> 
      <include refid="tbl_project_etc.Criteria_Where_Clause"/>  
      <if test="orderByClause != null">order by ${orderByClause}</if> 
    </if> 
  </select>
  <select id="selectByPrimaryKey" resultMap="BaseResultMap" parameterType="com.i2shopping.i2work.operation.core.project.model.ProjectEtcKey"> 
    <!--
          WARNING - This element is automatically generated by Apache iBATIS ibator, do not modify.
          This element was generated on Sun Jun 21 23:41:48 CST 2015.
        --> select contract_no, employee_id, labour_amount, is_foreign, is_Leave, JOIN_TIME, LEAVE_TIME from tbl_project_etc where contract_no = #{contractNo:VARCHAR} and employee_id = #{employeeId:CHAR}
  </select>
  <delete id="deleteByPrimaryKey" parameterType="com.i2shopping.i2work.operation.core.project.model.ProjectEtcKey"> 
    <!--
          WARNING - This element is automatically generated by Apache iBATIS ibator, do not modify.
          This element was generated on Sun Jun 21 23:41:48 CST 2015.
        --> delete from tbl_project_etc where contract_no = #{contractNo:VARCHAR} and employee_id = #{employeeId:CHAR}
  </delete>
  <delete id="deleteByCriteria" parameterType="com.i2shopping.i2work.operation.core.project.model.ProjectEtcCriteria"> 
    <!--
          WARNING - This element is automatically generated by Apache iBATIS ibator, do not modify.
          This element was generated on Sun Jun 21 23:41:48 CST 2015.
        --> delete from tbl_project_etc 
    <include refid="tbl_project_etc.Criteria_Where_Clause"/> 
  </delete>
  <insert id="insert" parameterType="com.i2shopping.i2work.operation.core.project.model.ProjectEtc"> 
    <!--
          WARNING - This element is automatically generated by Apache iBATIS ibator, do not modify.
          This element was generated on Sun Jun 21 23:41:48 CST 2015.
        --> insert into tbl_project_etc (contract_no, employee_id, labour_amount, is_foreign, is_Leave, JOIN_TIME, LEAVE_TIME) values (#{contractNo:VARCHAR}, #{employeeId:CHAR}, #{labourAmount:DECIMAL}, #{isForeign:VARCHAR}, #{isLeave:VARCHAR}, #{joinTime:TIMESTAMP}, #{leaveTime:TIMESTAMP})
  </insert>
  <insert id="insertSelective" parameterType="com.i2shopping.i2work.operation.core.project.model.ProjectEtc"> 
    <!--
          WARNING - This element is automatically generated by Apache iBATIS ibator, do not modify.
          This element was generated on Sun Jun 21 23:41:48 CST 2015.
        --> insert into tbl_project_etc 
    <trim prefix="("> 
      <if test="contractNo != null">contract_no ,</if>  
      <if test="employeeId != null">employee_id ,</if>  
      <if test="labourAmount != null">labour_amount ,</if>  
      <if test="isForeign != null">is_foreign ,</if>  
      <if test="isLeave != null">is_Leave ,</if>  
      <if test="joinTime != null">JOIN_TIME ,</if>  
      <if test="leaveTime != null">LEAVE_TIME ,</if> )
    </trim> values 
    <trim prefix="("> 
      <if test="contractNo != null">#{contractNo:VARCHAR} ,</if>  
      <if test="employeeId != null">#{employeeId:CHAR} ,</if>  
      <if test="labourAmount != null">#{labourAmount:DECIMAL} ,</if>  
      <if test="isForeign != null">#{isForeign:VARCHAR} ,</if>  
      <if test="isLeave != null">#{isLeave:VARCHAR} ,</if>  
      <if test="joinTime != null">#{joinTime:TIMESTAMP} ,</if>  
      <if test="leaveTime != null">#{leaveTime:TIMESTAMP} ,</if> )
    </trim> 
  </insert>
  <select id="countByCriteria" parameterType="com.i2shopping.i2work.operation.core.project.model.ProjectEtcCriteria" resultType="java.lang.Integer"> 
    <!--
          WARNING - This element is automatically generated by Apache iBATIS ibator, do not modify.
          This element was generated on Sun Jun 21 23:41:48 CST 2015.
        --> select count(*) from tbl_project_etc 
    <include refid="tbl_project_etc.Criteria_Where_Clause"/> 
  </select>
  <update id="updateByCriteriaSelective"> 
    <!--
          WARNING - This element is automatically generated by Apache iBATIS ibator, do not modify.
          This element was generated on Sun Jun 21 23:41:48 CST 2015.
        --> update tbl_project_etc 
    <trim prefix="set"> 
      <if test="record.contractNo != null">contract_no = #{record.contractNo:VARCHAR} ,</if>  
      <if test="record.employeeId != null">employee_id = #{record.employeeId:CHAR} ,</if>  
      <if test="record.labourAmount != null">labour_amount = #{record.labourAmount:DECIMAL} ,</if>  
      <if test="record.isForeign != null">is_foreign = #{record.isForeign:VARCHAR} ,</if>  
      <if test="record.isLeave != null">is_Leave = #{record.isLeave:VARCHAR} ,</if>  
      <if test="record.joinTime != null">JOIN_TIME = #{record.joinTime:TIMESTAMP} ,</if>  
      <if test="record.leaveTime != null">LEAVE_TIME = #{record.leaveTime:TIMESTAMP} ,</if> 
    </trim>  
    <if test="_parameter != null"> 
      <include refid="tbl_project_etc.Criteria_Where_Clause"/> 
    </if> 
  </update>
  <update id="updateByCriteria"> 
    <!--
          WARNING - This element is automatically generated by Apache iBATIS ibator, do not modify.
          This element was generated on Sun Jun 21 23:41:48 CST 2015.
        --> update tbl_project_etc set contract_no = #{record.contractNo:VARCHAR}, employee_id = #{record.employeeId:CHAR}, labour_amount = #{record.labourAmount:DECIMAL}, is_foreign = #{record.isForeign:VARCHAR}, is_Leave = #{record.isLeave:VARCHAR}, JOIN_TIME = #{record.joinTime:TIMESTAMP}, LEAVE_TIME = #{record.leaveTime:TIMESTAMP}
    <if test="_parameter != null"> 
      <include refid="tbl_project_etc.Criteria_Where_Clause"/> 
    </if> 
  </update>
  <update id="updateByPrimaryKeySelective" parameterType="com.i2shopping.i2work.operation.core.project.model.ProjectEtc"> 
    <!--
          WARNING - This element is automatically generated by Apache iBATIS ibator, do not modify.
          This element was generated on Sun Jun 21 23:41:48 CST 2015.
        --> update tbl_project_etc 
    <trim prefix="set"> 
      <if test="labourAmount != null">labour_amount = #{labourAmount:DECIMAL} ,</if>  
      <if test="isForeign != null">is_foreign = #{isForeign:VARCHAR} ,</if>  
      <if test="isLeave != null">is_Leave = #{isLeave:VARCHAR} ,</if>  
      <if test="joinTime != null">JOIN_TIME = #{joinTime:TIMESTAMP} ,</if>  
      <if test="leaveTime != null">LEAVE_TIME = #{leaveTime:TIMESTAMP} ,</if> 
    </trim> where contract_no = #{contractNo:VARCHAR} and employee_id = #{employeeId:CHAR}
  </update>
  <update id="updateByPrimaryKey" parameterType="com.i2shopping.i2work.operation.core.project.model.ProjectEtc"> 
    <!--
          WARNING - This element is automatically generated by Apache iBATIS ibator, do not modify.
          This element was generated on Sun Jun 21 23:41:48 CST 2015.
        --> update tbl_project_etc set labour_amount = #{labourAmount:DECIMAL}, is_foreign = #{isForeign:VARCHAR}, is_Leave = #{isLeave:VARCHAR}, JOIN_TIME = #{joinTime:TIMESTAMP}, LEAVE_TIME = #{leaveTime:TIMESTAMP} where contract_no = #{contractNo:VARCHAR} and employee_id = #{employeeId:CHAR}
  </update>
  <update id="updateByEmployeeId" parameterType="com.i2shopping.i2work.operation.core.project.model.ProjectEtc"> 
    <!--
          WARNING - This element is automatically generated by Apache iBATIS ibator, do not modify.
          This element was generated on Sun Jun 21 23:41:48 CST 2015.
        --> update tbl_project_etc set is_Leave = #{isLeave:VARCHAR}, LEAVE_TIME = #{leaveTime:TIMESTAMP} where employee_id = #{employeeId:CHAR}
  </update>
  <select id="countProjectEmployeeByPage" parameterType="com.i2shopping.i2work.operation.core.project.model.ProjectEtc" resultType="java.lang.Integer">SELECT count(1) FROM tbl_project_etc
    <trim prefix="where"> 
      <if test="properties.employeeName != null and properties.employeeName != ''">and employee_id in ( SELECT employee_id from tbl_employee_info o where o.employee_name like concat("%",#{properties.employeeName},"%"))</if>  
      <include refid="tbl_project_etc.etc_Where_clause"/> 
    </trim> 
  </select>
  <select id="selectProjectEmployeeByPage" resultMap="ResultMapExt" parameterType="com.i2shopping.i2work.operation.core.project.model.ProjectEtc">SELECT * FROM tbl_project_etc
    <trim prefix="where"> 
      <if test="properties.employeeName != null and properties.employeeName != ''">and employee_id in ( SELECT employee_id from tbl_employee_info o where o.employee_name like concat("%",#{properties.employeeName},"%"))</if>  
      <include refid="tbl_project_etc.etc_Where_clause"/> 
    </trim> 
  </select>
  <select id="selectByEmployeeId" resultMap="BaseResultMap" parameterType="com.i2shopping.i2work.operation.core.project.model.ProjectEtc">SELECT * FROM tbl_project_etc
    <trim prefix="where"> 
      <if test="employeeId != null and employeeId != ''">and employee_id = #{employeeId:CHAR}</if>  
      <if test="isLeave != null and isLeave != ''">and is_Leave = #{isLeave:VARCHAR}</if> 
    </trim> 
  </select>
  <!--根据项目编号查询项目所有成员  -->
  <select id="selectByProjectNo" resultMap="EmployeeResultMap" parameterType="com.i2shopping.i2work.operation.core.project.model.ProjectEtcKey">SELECT e.* FROM tbl_project_etc p, tbl_employee_info e WHERE p.employee_id =e.employee_id AND p.contract_no = #{contractNo:VARCHAR} AND p.is_leave='00'</select>
  <!--根据项目编号查询项目所有成员  -->
  <select id="selectEmployeeByContractNo" resultMap="BaseResultMap" parameterType="com.i2shopping.i2work.operation.core.project.model.ProjectEtc">SELECT * FROM tbl_project_etc p, tbl_employee_info e WHERE p.employee_id =e.employee_id AND p.contract_no = #{contractNo:VARCHAR} AND p.is_leave='00'</select>
  <select id="selectContractNoByEmployeeId" resultMap="BaseResultMap" parameterType="com.i2shopping.i2work.operation.core.project.model.ProjectEtc">SELECT * FROM tbl_project_etc WHERE employee_id = #{employeeID:VARCHAR} AND is_leave= #{isLeave:VARCHAR}</select>
  <delete id="deleteByEmployeeId" parameterType="java.lang.String"> 
    <!--
          WARNING - This element is automatically generated by Apache iBATIS ibator, do not modify.
          This element was generated on Sun Jun 21 23:41:48 CST 2015.
        --> DELETE FROM tbl_project_etc WHERE employee_id = #{employeeId:CHAR}
  </delete>
</mapper>
