<?xml version="1.0" encoding="UTF-8"?>
<!DOCTYPE mapper PUBLIC "-//mybatis.org//DTD Mapper 3.0//EN" "http://mybatis.org/dtd/mybatis-3-mapper.dtd">

<mapper namespace="tbl_login_info_log">
  <resultMap id="BaseResultMap" type="com.i2shopping.i2work.operation.core.login.model.LoginInfoLog">
    <!--
      WARNING - This element is automatically generated by Apache iBATIS ibator, do not modify.
      This element was generated on Mon Jun 29 16:23:50 CST 2015.
    -->
    <result column="LOGINID" property="loginid" jdbcType="VARCHAR"/>
    <result column="USERID" property="userid" jdbcType="VARCHAR"/>
    <result column="USER_TYPE" property="userType" jdbcType="VARCHAR"/>
    <result column="CLIENT_ID" property="clientId" jdbcType="VARCHAR"/>
    <result column="SESSION_ID" property="sessionId" jdbcType="VARCHAR"/>
    <result column="LAST_LOGIN_TIME" property="lastLoginTime" jdbcType="TIMESTAMP"/>
    <result column="SERVICE_NUMBER" property="serviceNumber" jdbcType="VARCHAR"/>
    <result column="IMSI" property="imsi" jdbcType="VARCHAR"/>
  </resultMap>
  <sql id="Criteria_Where_Clause"> 
    <!--
      WARNING - This element is automatically generated by Apache iBATIS ibator, do not modify.
      This element was generated on Mon Jun 29 16:23:50 CST 2015.
    -->  
    <iterate property="oredCriteria" conjunction="or" prepend="where" removeFirstPrepend="iterate"> 
      <if test="oredCriteria[].valid!= null and oredCriteria[].valid == 'true'.toString()">( 
        <iterate prepend="and" property="oredCriteria[].criteriaWithoutValue" conjunction="and">$oredCriteria[].criteriaWithoutValue[]$</iterate>  
        <iterate prepend="and" property="oredCriteria[].criteriaWithSingleValue" conjunction="and">$oredCriteria[].criteriaWithSingleValue[].condition$ #{oredCriteria[].criteriaWithSingleValue[].value}</iterate>  
        <iterate prepend="and" property="oredCriteria[].criteriaWithListValue" conjunction="and">$oredCriteria[].criteriaWithListValue[].condition$
          <iterate property="oredCriteria[].criteriaWithListValue[].values" open="(" close=")" conjunction=",">#{oredCriteria[].criteriaWithListValue[].values[]}</iterate> 
        </iterate>  
        <iterate prepend="and" property="oredCriteria[].criteriaWithBetweenValue" conjunction="and">$oredCriteria[].criteriaWithBetweenValue[].condition$ #{oredCriteria[].criteriaWithBetweenValue[].values[0]} and #{oredCriteria[].criteriaWithBetweenValue[].values[1]}</iterate> )
      </if> 
    </iterate> 
  </sql>
  <select id="selectByCriteria" resultMap="BaseResultMap" parameterType="com.i2shopping.i2work.operation.core.login.model.LoginInfoLogCriteria"> 
    <!--
      WARNING - This element is automatically generated by Apache iBATIS ibator, do not modify.
      This element was generated on Mon Jun 29 16:23:50 CST 2015.
    --> select LOGINID, USERID, USER_TYPE, CLIENT_ID, SESSION_ID, LAST_LOGIN_TIME, SERVICE_NUMBER, IMSI from tbl_login_info_log
    <if test="_parameter != null"> 
      <include refid="tbl_login_info_log.Criteria_Where_Clause"/>  
      <if test="orderByClause != null">order by ${orderByClause}</if> 
    </if> 
  </select>
  <select id="selectByPrimaryKey" resultMap="BaseResultMap" parameterType="com.i2shopping.i2work.operation.core.login.model.LoginInfoLog"> 
    <!--
      WARNING - This element is automatically generated by Apache iBATIS ibator, do not modify.
      This element was generated on Mon Jun 29 16:23:50 CST 2015.
    --> select LOGINID, USERID, USER_TYPE, CLIENT_ID, SESSION_ID, LAST_LOGIN_TIME, SERVICE_NUMBER, IMSI from tbl_login_info_log where LOGINID = #{loginid:VARCHAR}
  </select>
  <delete id="deleteByPrimaryKey" parameterType="com.i2shopping.i2work.operation.core.login.model.LoginInfoLog"> 
    <!--
      WARNING - This element is automatically generated by Apache iBATIS ibator, do not modify.
      This element was generated on Mon Jun 29 16:23:50 CST 2015.
    --> delete from tbl_login_info_log where LOGINID = #{loginid:VARCHAR}
  </delete>
  <delete id="deleteByCriteria" parameterType="com.i2shopping.i2work.operation.core.login.model.LoginInfoLogCriteria"> 
    <!--
      WARNING - This element is automatically generated by Apache iBATIS ibator, do not modify.
      This element was generated on Mon Jun 29 16:23:50 CST 2015.
    --> delete from tbl_login_info_log 
    <include refid="tbl_login_info_log.Criteria_Where_Clause"/> 
  </delete>
  <insert id="insert" parameterType="com.i2shopping.i2work.operation.core.login.model.LoginInfoLog"> 
    <!--
      WARNING - This element is automatically generated by Apache iBATIS ibator, do not modify.
      This element was generated on Mon Jun 29 16:23:50 CST 2015.
    --> insert into tbl_login_info_log (LOGINID, USERID, USER_TYPE, CLIENT_ID, SESSION_ID, LAST_LOGIN_TIME, SERVICE_NUMBER, IMSI) values (#{loginid:VARCHAR}, #{userid:VARCHAR}, #{userType:VARCHAR}, #{clientId:VARCHAR}, #{sessionId:VARCHAR}, #{lastLoginTime:TIMESTAMP}, #{serviceNumber:VARCHAR}, #{imsi:VARCHAR})
  </insert>
  <insert id="insertSelective" parameterType="com.i2shopping.i2work.operation.core.login.model.LoginInfoLog"> 
    <!--
      WARNING - This element is automatically generated by Apache iBATIS ibator, do not modify.
      This element was generated on Mon Jun 29 16:23:50 CST 2015.
    --> insert into tbl_login_info_log 
    <trim prefix="("> 
      <if test="loginid != null">LOGINID ,</if>  
      <if test="userid != null">USERID ,</if>  
      <if test="userType != null">USER_TYPE ,</if>  
      <if test="clientId != null">CLIENT_ID ,</if>  
      <if test="sessionId != null">SESSION_ID ,</if>  
      <if test="lastLoginTime != null">LAST_LOGIN_TIME ,</if>  
      <if test="serviceNumber != null">SERVICE_NUMBER ,</if>  
      <if test="imsi != null">IMSI ,</if> )
    </trim> values 
    <trim prefix="("> 
      <if test="loginid != null">#{loginid:VARCHAR} ,</if>  
      <if test="userid != null">#{userid:VARCHAR} ,</if>  
      <if test="userType != null">#{userType:VARCHAR} ,</if>  
      <if test="clientId != null">#{clientId:VARCHAR} ,</if>  
      <if test="sessionId != null">#{sessionId:VARCHAR} ,</if>  
      <if test="lastLoginTime != null">#{lastLoginTime:TIMESTAMP} ,</if>  
      <if test="serviceNumber != null">#{serviceNumber:VARCHAR} ,</if>  
      <if test="imsi != null">#{imsi:VARCHAR} ,</if> )
    </trim> 
  </insert>
  <select id="countByCriteria" parameterType="com.i2shopping.i2work.operation.core.login.model.LoginInfoLogCriteria" resultType="java.lang.Integer"> 
    <!--
      WARNING - This element is automatically generated by Apache iBATIS ibator, do not modify.
      This element was generated on Mon Jun 29 16:23:50 CST 2015.
    --> select count(*) from tbl_login_info_log 
    <include refid="tbl_login_info_log.Criteria_Where_Clause"/> 
  </select>
  <update id="updateByCriteriaSelective"> 
    <!--
      WARNING - This element is automatically generated by Apache iBATIS ibator, do not modify.
      This element was generated on Mon Jun 29 16:23:50 CST 2015.
    --> update tbl_login_info_log 
    <trim prefix="set"> 
      <if test="record.loginid != null">LOGINID = #{record.loginid:VARCHAR} ,</if>  
      <if test="record.userid != null">USERID = #{record.userid:VARCHAR} ,</if>  
      <if test="record.userType != null">USER_TYPE = #{record.userType:VARCHAR} ,</if>  
      <if test="record.clientId != null">CLIENT_ID = #{record.clientId:VARCHAR} ,</if>  
      <if test="record.sessionId != null">SESSION_ID = #{record.sessionId:VARCHAR} ,</if>  
      <if test="record.lastLoginTime != null">LAST_LOGIN_TIME = #{record.lastLoginTime:TIMESTAMP} ,</if>  
      <if test="record.serviceNumber != null">SERVICE_NUMBER = #{record.serviceNumber:VARCHAR} ,</if>  
      <if test="record.imsi != null">IMSI = #{record.imsi:VARCHAR} ,</if> 
    </trim>  
    <if test="_parameter != null"> 
      <include refid="tbl_login_info_log.Criteria_Where_Clause"/> 
    </if> 
  </update>
  <update id="updateByCriteria"> 
    <!--
      WARNING - This element is automatically generated by Apache iBATIS ibator, do not modify.
      This element was generated on Mon Jun 29 16:23:50 CST 2015.
    --> update tbl_login_info_log set LOGINID = #{record.loginid:VARCHAR}, USERID = #{record.userid:VARCHAR}, USER_TYPE = #{record.userType:VARCHAR}, CLIENT_ID = #{record.clientId:VARCHAR}, SESSION_ID = #{record.sessionId:VARCHAR}, LAST_LOGIN_TIME = #{record.lastLoginTime:TIMESTAMP}, SERVICE_NUMBER = #{record.serviceNumber:VARCHAR}, IMSI = #{record.imsi:VARCHAR}
    <if test="_parameter != null"> 
      <include refid="tbl_login_info_log.Criteria_Where_Clause"/> 
    </if> 
  </update>
  <update id="updateByPrimaryKeySelective" parameterType="com.i2shopping.i2work.operation.core.login.model.LoginInfoLog"> 
    <!--
      WARNING - This element is automatically generated by Apache iBATIS ibator, do not modify.
      This element was generated on Mon Jun 29 16:23:50 CST 2015.
    --> update tbl_login_info_log 
    <trim prefix="set"> 
      <if test="userid != null">USERID = #{userid:VARCHAR} ,</if>  
      <if test="userType != null">USER_TYPE = #{userType:VARCHAR} ,</if>  
      <if test="clientId != null">CLIENT_ID = #{clientId:VARCHAR} ,</if>  
      <if test="sessionId != null">SESSION_ID = #{sessionId:VARCHAR} ,</if>  
      <if test="lastLoginTime != null">LAST_LOGIN_TIME = #{lastLoginTime:TIMESTAMP} ,</if>  
      <if test="serviceNumber != null">SERVICE_NUMBER = #{serviceNumber:VARCHAR} ,</if>  
      <if test="imsi != null">IMSI = #{imsi:VARCHAR} ,</if> 
    </trim> where LOGINID = #{loginid:VARCHAR}
  </update>
  <update id="updateByPrimaryKey" parameterType="com.i2shopping.i2work.operation.core.login.model.LoginInfoLog"> 
    <!--
      WARNING - This element is automatically generated by Apache iBATIS ibator, do not modify.
      This element was generated on Mon Jun 29 16:23:50 CST 2015.
    --> update tbl_login_info_log set USERID = #{userid:VARCHAR}, USER_TYPE = #{userType:VARCHAR}, CLIENT_ID = #{clientId:VARCHAR}, SESSION_ID = #{sessionId:VARCHAR}, LAST_LOGIN_TIME = #{lastLoginTime:TIMESTAMP}, SERVICE_NUMBER = #{serviceNumber:VARCHAR}, IMSI = #{imsi:VARCHAR} where LOGINID = #{loginid:VARCHAR}
  </update>
</mapper>
