<?xml version="1.0" encoding="UTF-8"?>
<!DOCTYPE mapper PUBLIC "-//mybatis.org//DTD Mapper 3.0//EN" "http://mybatis.org/dtd/mybatis-3-mapper.dtd">

<mapper namespace="TBL_MENU">
  <resultMap id="MenuResult" type="com.i2shopping.i2work.operation.core.common.model.Menu">
    <!--
      WARNING - This element is automatically generated by Abator for iBATIS, do not modify.
      This element was generated on Sun Nov 21 13:08:41 CST 2010.
    -->
    <result column="MENU_ITEM_ID" property="menuItemId" jdbcType="VARCHAR2"/>
    <result column="MENU_TYPE_ID" property="menuTypeId" jdbcType="VARCHAR2"/>
    <result column="MENU_ITEM_NAME" property="menuItemName" jdbcType="VARCHAR2"/>
    <result column="PARENT_MENU_ITEM" property="parentMenuItem" jdbcType="VARCHAR2"/>
    <result column="MENU_LEVEL" property="menuLevel" jdbcType="INTEGER"/>
    <result column="MENU_SEQUENCE" property="menuSequence" jdbcType="INTEGER"/>
    <result column="FUNC_ID" property="funcId.funcId" jdbcType="VARCHAR2"/>
    <result column="FUNC_URL" property="funcId.funcUrl" jdbcType="VARCHAR2"/>
    <result column="ENTITLEMENT" property="entitlement" jdbcType="VARCHAR2"/>
  </resultMap>
  <resultMap id="MenuResult1" type="com.i2shopping.i2work.operation.core.common.model.Menu">
    <result column="MENU_ITEM_ID" property="menuItemId" jdbcType="VARCHAR2"/>
    <result column="MENU_TYPE_ID" property="menuTypeId" jdbcType="VARCHAR2"/>
    <result column="MENU_ITEM_NAME" property="menuItemName" jdbcType="VARCHAR2"/>
    <result column="PARENT_MENU_ITEM" property="parentMenuItem" jdbcType="VARCHAR2"/>
    <result column="MENU_LEVEL" property="menuLevel" jdbcType="INTEGER"/>
    <result column="MENU_SEQUENCE" property="menuSequence" jdbcType="INTEGER"/>
    <result column="FUNC_ID" property="funcId.funcId" jdbcType="VARCHAR2"/>
    <result column="ENTITLEMENT" property="entitlement" jdbcType="VARCHAR2"/>
  </resultMap>
  <resultMap id="MenuResult2" extends="MenuResult" type="com.i2shopping.i2work.operation.core.common.model.Menu">
    <association property="isAssign" select="TBL_BANK_MANAGE_GRANTS.selectIsAssignByPrimaryKey" column="ENTITLEMENT"/>
  </resultMap>
  <sql id="Criteria_Where_Clause"> 
    <!--
      WARNING - This element is automatically generated by Abator for iBATIS, do not modify.
      This element was generated on Sun Nov 21 13:08:41 CST 2010.
    -->  
    <iterate property="oredCriteria" conjunction="or" prepend="where" removeFirstPrepend="iterate"> 
      <if test="oredCriteria[].valid!= null and oredCriteria[].valid == 'true'.toString()">( 
        <iterate prepend="and" property="oredCriteria[].criteriaWithoutValue" conjunction="and">$oredCriteria[].criteriaWithoutValue[]$</iterate>  
        <iterate prepend="and" property="oredCriteria[].criteriaWithSingleValue" conjunction="and">$oredCriteria[].criteriaWithSingleValue[].condition$ #{oredCriteria[].criteriaWithSingleValue[].value}</iterate>  
        <iterate prepend="and" property="oredCriteria[].criteriaWithListValue" conjunction="and">$oredCriteria[].criteriaWithListValue[].condition$
          <iterate property="oredCriteria[].criteriaWithListValue[].values" open="(" close=")" conjunction=",">#{oredCriteria[].criteriaWithListValue[].values[]}</iterate> 
        </iterate>  
        <iterate prepend="and" property="oredCriteria[].criteriaWithBetweenValue" conjunction="and">$oredCriteria[].criteriaWithBetweenValue[].condition$ #{oredCriteria[].criteriaWithBetweenValue[].values[0]} and #{oredCriteria[].criteriaWithBetweenValue[].values[1]}</iterate> )
      </if> 
    </iterate> 
  </sql>
  <select id="selectByPrimaryKey" resultMap="MenuResult" parameterType="com.i2shopping.i2work.operation.core.common.model.MenuKey"> 
    <!--
      WARNING - This element is automatically generated by Abator for iBATIS, do not modify.
      This element was generated on Sun Nov 21 13:08:41 CST 2010.
    --> select A.MENU_ITEM_ID, A.MENU_TYPE_ID, A.MENU_ITEM_NAME, A.PARENT_MENU_ITEM, A.MENU_LEVEL, A.MENU_SEQUENCE, A.FUNC_ID, A.ENTITLEMENT,B.FUNC_URL from TBL_MENU A,TBL_SYS_FUNC B where MENU_ITEM_ID = #{menuItemId:VARCHAR} and A.FUNC_ID = B.FUNC_ID
  </select>
  <select id="selectByCriteria" resultMap="MenuResult" parameterType="com.i2shopping.i2work.operation.core.common.dao.MenuCriteria"> 
    <!--
      WARNING - This element is automatically generated by Abator for iBATIS, do not modify.
      This element was generated on Sun Nov 21 13:08:41 CST 2010.
    --> select MENU_ITEM_ID, MENU_TYPE_ID, MENU_ITEM_NAME, PARENT_MENU_ITEM, MENU_LEVEL, MENU_SEQUENCE, FUNC_ID, ENTITLEMENT from TBL_MENU
    <if test="_parameter != null"> 
      <include refid="Criteria_Where_Clause"/> 
    </if> 
  </select>
  <select id="selectByCriteria1" resultMap="MenuResult" parameterType="java.lang.String"> 
    <!--
      WARNING - This element is automatically generated by Abator for iBATIS, do not modify.
      This element was generated on Sun Nov 21 13:08:41 CST 2010.
      select A.MENU_ITEM_ID, A.MENU_TYPE_ID, A.MENU_ITEM_NAME, A.PARENT_MENU_ITEM, A.MENU_LEVEL, A.MENU_SEQUENCE,
     A.FUNC_ID, A.ENTITLEMENT,B.FUNC_URL
    from MENU A,SYS_FUNC B where  A.MENU_TYPE_ID = #{id} and  A.FUNC_ID = B.FUNC_ID
    --> select A.MENU_ITEM_ID, A.MENU_TYPE_ID, A.MENU_ITEM_NAME, A.PARENT_MENU_ITEM, A.MENU_LEVEL, A.MENU_SEQUENCE, A.FUNC_ID, A.ENTITLEMENT,B.FUNC_URL from TBL_MENU A,TBL_SYS_FUNC B where A.MENU_TYPE_ID = #{id} and A.FUNC_ID = B.FUNC_ID order by A.menu_level ASC, A.MENU_SEQUENCE DESC
  </select>
  <select id="selectByCriteria2" resultMap="MenuResult2" parameterType="java.lang.String"> 
    <!--
      WARNING - This element is automatically generated by Abator for iBATIS, do not modify.
      This element was generated on Sun Nov 21 13:08:41 CST 2010.
      select A.MENU_ITEM_ID, A.MENU_TYPE_ID, A.MENU_ITEM_NAME, A.PARENT_MENU_ITEM, A.MENU_LEVEL, A.MENU_SEQUENCE,
     A.FUNC_ID, A.ENTITLEMENT,B.FUNC_URL
    from MENU A,SYS_FUNC B where  A.MENU_TYPE_ID = #{id} and  A.FUNC_ID = B.FUNC_ID
    --> select A.MENU_ITEM_ID, A.MENU_TYPE_ID, A.MENU_ITEM_NAME, A.PARENT_MENU_ITEM, A.MENU_LEVEL, A.MENU_SEQUENCE, A.FUNC_ID, A.ENTITLEMENT,B.FUNC_URL from TBL_MENU A,TBL_SYS_FUNC B where A.MENU_TYPE_ID = #{id} and A.FUNC_ID = B.FUNC_ID order by A.menu_level ASC, A.MENU_SEQUENCE ASC
  </select>
  <select id="selectByParentId" resultMap="MenuResult" parameterType="com.i2shopping.i2work.operation.core.common.model.Menu">select A.MENU_ITEM_ID, A.MENU_TYPE_ID, A.MENU_ITEM_NAME, A.PARENT_MENU_ITEM, A.MENU_LEVEL, A.MENU_SEQUENCE, A.FUNC_ID, A.ENTITLEMENT,B.FUNC_URL from TBL_MENU A,TBL_SYS_FUNC B where A.MENU_TYPE_ID = #{menuTypeId} and A.FUNC_ID = B.FUNC_ID and A.PARENT_MENU_ITEM = #{parentMenuItem} order by A.menu_level ASC, A.MENU_SEQUENCE ASC</select>
  <delete id="deleteByPrimaryKey" parameterType="com.i2shopping.i2work.operation.core.common.model.MenuKey"> 
    <!--
      WARNING - This element is automatically generated by Abator for iBATIS, do not modify.
      This element was generated on Sun Nov 21 13:08:41 CST 2010.
    --> delete from TBL_MENU where MENU_ITEM_ID = #{menuItemId:VARCHAR} and MENU_TYPE_ID = #{menuTypeId:VARCHAR}
  </delete>
  <delete id="deleteByCriteria" parameterType="com.i2shopping.i2work.operation.core.common.dao.MenuCriteria"> 
    <!--
      WARNING - This element is automatically generated by Abator for iBATIS, do not modify.
      This element was generated on Sun Nov 21 13:08:41 CST 2010.
    --> delete from TBL_MENU 
    <include refid="Criteria_Where_Clause"/> 
  </delete>
  <insert id="insert" parameterType="com.i2shopping.i2work.operation.core.common.model.Menu"> 
    <!--
      WARNING - This element is automatically generated by Abator for iBATIS, do not modify.
      This element was generated on Sun Nov 21 13:08:41 CST 2010.
    --> insert into TBL_MENU (MENU_ITEM_ID, MENU_TYPE_ID, MENU_ITEM_NAME, PARENT_MENU_ITEM, MENU_LEVEL, MENU_SEQUENCE, FUNC_ID, ENTITLEMENT) values (#{menuItemId:VARCHAR}, #{menuTypeId:VARCHAR}, #{menuItemName:VARCHAR}, #{parentMenuItem:VARCHAR}, #{menuLevel:INTEGER}, #{menuSequence:INTEGER}, #{funcId.funcId:VARCHAR}, #{entitlement:VARCHAR})
  </insert>
  <update id="updateByPrimaryKey" parameterType="com.i2shopping.i2work.operation.core.common.model.Menu"> 
    <!--
      WARNING - This element is automatically generated by Abator for iBATIS, do not modify.
      This element was generated on Sun Nov 21 13:08:41 CST 2010.
    --> update TBL_MENU set MENU_ITEM_NAME = #{menuItemName:VARCHAR}, PARENT_MENU_ITEM = #{parentMenuItem:VARCHAR}, MENU_LEVEL = #{menuLevel:INTEGER}, MENU_SEQUENCE = #{menuSequence:INTEGER}, FUNC_ID = #{funcId.funcId:VARCHAR}, ENTITLEMENT = #{entitlement:VARCHAR} where MENU_ITEM_ID = #{menuItemId:VARCHAR} and MENU_TYPE_ID = #{menuTypeId:VARCHAR}
  </update>
  <update id="updateByPrimaryKeySelective" parameterType="com.i2shopping.i2work.operation.core.common.model.Menu"> 
    <!--
      WARNING - This element is automatically generated by Abator for iBATIS, do not modify.
      This element was generated on Sun Nov 21 13:08:41 CST 2010.
    --> update TBL_MENU 
    <trim prefix="set"> 
      <if test="menuItemName != null">MENU_ITEM_NAME = #{menuItemName:VARCHAR} ,</if>  
      <if test="parentMenuItem != null">PARENT_MENU_ITEM = #{parentMenuItem:VARCHAR} ,</if>  
      <if test="menuLevel != null">MENU_LEVEL = #{menuLevel:INTEGER} ,</if>  
      <if test="menuSequence != null">MENU_SEQUENCE = #{menuSequence:INTEGER} ,</if>  
      <if test="funcId != null">FUNC_ID = #{funcId.funcId:VARCHAR} ,</if>  
      <if test="entitlement != null">ENTITLEMENT = #{entitlement:VARCHAR} ,</if> 
    </trim> where MENU_ITEM_ID = #{menuItemId:VARCHAR} and MENU_TYPE_ID = #{menuTypeId:VARCHAR}
  </update>
  <select id="countByCriteria" parameterType="com.i2shopping.i2work.operation.core.common.dao.MenuCriteria" resultType="java.lang.Integer"> 
    <!--
      WARNING - This element is automatically generated by Abator for iBATIS, do not modify.
      This element was generated on Sun Nov 21 13:08:41 CST 2010.
    --> select count(*) from TBL_MENU 
    <include refid="Criteria_Where_Clause"/> 
  </select>
  <update id="updateByCriteriaSelective"> 
    <!--
      WARNING - This element is automatically generated by Abator for iBATIS, do not modify.
      This element was generated on Sun Nov 21 13:08:41 CST 2010.
    --> update TBL_MENU 
    <trim prefix="set"> 
      <if test="record.menuItemId != null">MENU_ITEM_ID = #{record.menuItemId:VARCHAR} ,</if>  
      <if test="record.menuTypeId != null">MENU_TYPE_ID = #{record.menuTypeId:VARCHAR} ,</if>  
      <if test="record.menuItemName != null">MENU_ITEM_NAME = #{record.menuItemName:VARCHAR} ,</if>  
      <if test="record.parentMenuItem != null">PARENT_MENU_ITEM = #{record.parentMenuItem:VARCHAR} ,</if>  
      <if test="record.menuLevel != null">MENU_LEVEL = #{record.menuLevel:INTEGER} ,</if>  
      <if test="record.menuSequence != null">MENU_SEQUENCE = #{record.menuSequence:INTEGER} ,</if>  
      <if test="record.funcId != null">FUNC_ID = #{record.funcId:VARCHAR} ,</if>  
      <if test="record.entitlement != null">ENTITLEMENT = #{record.entitlement:VARCHAR} ,</if> 
    </trim>  
    <if test="_parameter != null"> 
      <include refid="Criteria_Where_Clause"/> 
    </if> 
  </update>
  <update id="updateByCriteria"> 
    <!--
      WARNING - This element is automatically generated by Abator for iBATIS, do not modify.
      This element was generated on Sun Nov 21 13:08:41 CST 2010.
    --> update TBL_MENU set MENU_ITEM_ID = #{record.menuItemId:VARCHAR}, MENU_TYPE_ID = #{record.menuTypeId:VARCHAR}, MENU_ITEM_NAME = #{record.menuItemName:VARCHAR}, PARENT_MENU_ITEM = #{record.parentMenuItem:VARCHAR}, MENU_LEVEL = #{record.menuLevel:INTEGER}, MENU_SEQUENCE = #{record.menuSequence:INTEGER}, FUNC_ID = #{record.funcId:VARCHAR}, ENTITLEMENT = #{record.entitlement:VARCHAR}
    <if test="_parameter != null"> 
      <include refid="Criteria_Where_Clause"/> 
    </if> 
  </update>
  <!-- 根据商户类型 查找用户菜单 -->
  <select id="selectByMerchantType" resultMap="MenuResult" parameterType="java.lang.String"> 
    <!--
      WARNING - This element is automatically generated by Apache iBATIS ibator, do not modify.
      This element was generated on Sat Apr 21 11:20:04 CST 2012.
    --> select A.MENU_ITEM_ID, A.MENU_TYPE_ID, A.MENU_ITEM_NAME, A.PARENT_MENU_ITEM, A.MENU_LEVEL, A.MENU_SEQUENCE, A.FUNC_ID, A.ENTITLEMENT,B.FUNC_URL from TBL_MENU A,TBL_SYS_FUNC B where A.ENTITLEMENT in ( select ENTITLEMENT from TBL_ROLE_ENT_RELATION where ROLE_ID in ( select ROLE_ID from B2C_MERCHANT_TYPE where MERCHANT_TYPE_ID = #{merchantTypeId:VARCHAR} ) ) and A.FUNC_ID = B.FUNC_ID order by A.menu_level ASC, A.MENU_SEQUENCE ASC
  </select>
  <!-- 根据查找操作员菜单 -->
  <select id="selectByForOperator" resultMap="MenuResult" parameterType="java.lang.String"> 
    <!--
      WARNING - This element is automatically generated by Apache iBATIS ibator, do not modify.
      This element was generated on Sat Apr 21 11:20:04 CST 2012.
    --> select DISTINCT A.MENU_ITEM_ID, A.MENU_TYPE_ID, A.MENU_ITEM_NAME, A.PARENT_MENU_ITEM, A.MENU_LEVEL, A.MENU_SEQUENCE, A.FUNC_ID, A.ENTITLEMENT,B.FUNC_URL from TBL_MENU A,TBL_SYS_FUNC B,TBL_ENTITLEMENT C where A.FUNC_ID = B.FUNC_ID and A.ENTITLEMENT = C.ENTITLEMENT and A.ENTITLEMENT in ( select ENTITLEMENT from TBL_ROLE_ENT_RELATION where ROLE_ID = #{roleId} ) order by A.menu_level ASC, A.MENU_SEQUENCE ASC
  </select>
  <!-- 根据商户类型 查找用户菜单 -->
  <select id="selectByMerchantTypeAndParentId" resultMap="MenuResult" parameterType="com.i2shopping.i2work.operation.core.common.model.Menu"> 
    <!--
      WARNING - This element is automatically generated by Apache iBATIS ibator, do not modify.
      This element was generated on Sat Apr 21 11:20:04 CST 2012.
    --> select A.MENU_ITEM_ID, A.MENU_TYPE_ID, A.MENU_ITEM_NAME, A.PARENT_MENU_ITEM, A.MENU_LEVEL, A.MENU_SEQUENCE, A.FUNC_ID, A.ENTITLEMENT,B.FUNC_URL from TBL_MENU A,TBL_SYS_FUNC B where A.MENU_TYPE_ID = #{menuTypeId} and A.FUNC_ID = B.FUNC_ID and A.PARENT_MENU_ITEM = #{menuItemId}
    <if test="properties.merchantType != null and properties.merchantType != ''">and A.ENTITLEMENT in ( select ENTITLEMENT from TBL_ROLE_ENT_RELATION where ROLE_ID in ( select ROLE_ID from B2C_MERCHANT_TYPE where MERCHANT_TYPE_ID = #{properties.merchantType:VARCHAR} ) )</if> order by A.menu_level ASC, A.MENU_SEQUENCE ASC
  </select>
  <!-- 根据角色 查找用户菜单 -->
  <select id="selectByRoleId" resultMap="MenuResult" parameterType="java.lang.String"> 
    <!--
      WARNING - This element is automatically generated by Apache iBATIS ibator, do not modify.
      This element was generated on Sat Apr 21 11:20:04 CST 2012.
    --> select A.MENU_ITEM_ID, A.MENU_TYPE_ID, A.MENU_ITEM_NAME, A.PARENT_MENU_ITEM, A.MENU_LEVEL, A.MENU_SEQUENCE, A.FUNC_ID, A.ENTITLEMENT,B.FUNC_URL from TBL_MENU A,TBL_SYS_FUNC B where A.ENTITLEMENT in ( select ENTITLEMENT from TBL_ROLE_ENT_RELATION where ROLE_ID = #{roleId:VARCHAR} ) and A.FUNC_ID = B.FUNC_ID order by A.menu_level ASC, A.MENU_SEQUENCE ASC
  </select>
  <select id="selectByRoleIdAndParentId" resultMap="MenuResult" parameterType="com.i2shopping.i2work.operation.core.common.model.Menu"> 
    <!--
      WARNING - This element is automatically generated by Apache iBATIS ibator, do not modify.
      This element was generated on Sat Apr 21 11:20:04 CST 2012.
    --> select A.MENU_ITEM_ID, A.MENU_TYPE_ID, A.MENU_ITEM_NAME, A.PARENT_MENU_ITEM, A.MENU_LEVEL, A.MENU_SEQUENCE, A.FUNC_ID, A.ENTITLEMENT,B.FUNC_URL from TBL_MENU A,TBL_SYS_FUNC B where A.MENU_TYPE_ID = #{menuTypeId} and A.FUNC_ID = B.FUNC_ID and A.PARENT_MENU_ITEM = #{menuItemId}
    <if test="properties.roleId != null and properties.roleId != ''">and A.ENTITLEMENT in ( select ENTITLEMENT from TBL_ROLE_ENT_RELATION where ROLE_ID = #{properties.roleId:VARCHAR} )</if> order by A.menu_level ASC, A.MENU_SEQUENCE ASC
  </select>
  <select id="selectByFuncUrl" resultMap="MenuResult" parameterType="com.i2shopping.i2work.operation.core.common.model.SysFunc"> 
    <!--
      WARNING - This element is automatically generated by Apache iBATIS ibator, do not modify.
      This element was generated on Sat Apr 21 11:20:04 CST 2012.
    --> select A.MENU_ITEM_ID, A.MENU_TYPE_ID, A.MENU_ITEM_NAME, A.PARENT_MENU_ITEM, A.MENU_LEVEL, A.MENU_SEQUENCE, A.FUNC_ID, A.ENTITLEMENT,B.FUNC_URL from TBL_MENU A,TBL_SYS_FUNC B where B.FUNC_URL = #{funcUrl:VARCHAR} and A.FUNC_ID = B.FUNC_ID order by A.menu_level ASC, A.MENU_SEQUENCE ASC
  </select>
  <select id="selectSurPlusMenu" resultMap="MenuResult1" parameterType="com.i2shopping.i2work.operation.core.common.model.Menu">select m.* from TBL_MENU m where m.menu_item_name in( select menu_item_name from TBL_MENU where menu_type_id = 1 group by menu_item_name having (count(*) &gt; 1) )
    <if test="menuItemName != null and menuItemName != ''">and m.MENU_ITEM_NAME = #{menuItemName:VARCHAR}</if> order by m.menu_item_name
  </select>
  <!-- 查询所有的菜单总数量 -->
  <select id="selectMenuListCount" resultType="java.lang.Integer" parameterType="com.i2shopping.i2work.operation.core.common.model.Menu">select count(*) from TBL_MENU as m where m.MENU_LEVEL = #{menuLevel:INTEGER} 
    <!-- order by m.MENU_ITEM_ID DESC--> 
  </select>
  <select id="selectMenuList" resultMap="MenuResult1" parameterType="com.i2shopping.i2work.operation.core.common.model.Menu">select m.* from TBL_MENU m where m.MENU_LEVEL = #{menuLevel:INTEGER}</select>
</mapper>
