<?xml version="1.0" encoding="UTF-8"?>
<!DOCTYPE mapper PUBLIC "-//mybatis.org//DTD Mapper 3.0//EN" "http://mybatis.org/dtd/mybatis-3-mapper.dtd">

<mapper namespace="TBL_USER_ROLE_REL">
  <resultMap id="BaseResultMap" type="com.i2shopping.i2work.operation.core.common.model.UserRoleKey">
    <!--
      WARNING - This element is automatically generated by Apache iBATIS ibator, do not modify.
      This element was generated on Fri Aug 10 14:26:59 CST 2012.
    -->
    <result column="USER_ID" property="userId" jdbcType="VARCHAR"/>
    <result column="ROLE_ID" property="roleId" jdbcType="VARCHAR"/>
  </resultMap>
  <resultMap id="BaseResultMap1" extends="BaseResultMap" type="com.i2shopping.i2work.operation.core.common.model.UserRoleKey">
    <association property="role" select="TBL_ROLE.selectByPrimaryKey" column="{roleId=ROLE_ID}"/>
  </resultMap>
  <sql id="Criteria_Where_Clause"> 
    <!--
      WARNING - This element is automatically generated by Apache iBATIS ibator, do not modify.
      This element was generated on Fri Aug 10 14:26:59 CST 2012.
    -->  
    <iterate property="oredCriteria" conjunction="or" prepend="where" removeFirstPrepend="iterate"> 
      <if test="oredCriteria[].valid!= null and oredCriteria[].valid == 'true'.toString()">( 
        <iterate prepend="and" property="oredCriteria[].criteriaWithoutValue" conjunction="and">$oredCriteria[].criteriaWithoutValue[]$</iterate>  
        <iterate prepend="and" property="oredCriteria[].criteriaWithSingleValue" conjunction="and">$oredCriteria[].criteriaWithSingleValue[].condition$ #{oredCriteria[].criteriaWithSingleValue[].value}</iterate>  
        <iterate prepend="and" property="oredCriteria[].criteriaWithListValue" conjunction="and">$oredCriteria[].criteriaWithListValue[].condition$
          <iterate property="oredCriteria[].criteriaWithListValue[].values" open="(" close=")" conjunction=",">#{oredCriteria[].criteriaWithListValue[].values[]}</iterate> 
        </iterate>  
        <iterate prepend="and" property="oredCriteria[].criteriaWithBetweenValue" conjunction="and">$oredCriteria[].criteriaWithBetweenValue[].condition$ #{oredCriteria[].criteriaWithBetweenValue[].values[0]} and #{oredCriteria[].criteriaWithBetweenValue[].values[1]}</iterate> )
      </if> 
    </iterate> 
  </sql>
  <sql id="TBL_USER_ROLE_REL.User_Role_Where_Clause"> 
    <if test="userId != null and userId != ''">and TBL_USER_ROLE_REL.USER_ID = #{userId:VARCHAR}</if>  
    <if test="roleId != null and roleId != ''">and TBL_USER_ROLE_REL.ROLE_ID = #{roleId:VARCHAR}</if> 
  </sql>
  <select id="selectByUserRoleKey" resultMap="BaseResultMap" parameterType="com.i2shopping.i2work.operation.core.common.model.UserRoleKey">select USER_ID, ROLE_ID from TBL_USER_ROLE_REL where USER_ID = #{userId:VARCHAR}</select>
  <select id="selectByCriteria" resultMap="BaseResultMap1" parameterType="com.i2shopping.i2work.operation.core.common.model.UserRoleCriteria"> 
    <!--
      WARNING - This element is automatically generated by Apache iBATIS ibator, do not modify.
      This element was generated on Fri Aug 10 14:26:59 CST 2012.
    --> select USER_ID, ROLE_ID from TBL_USER_ROLE_REL
    <if test="_parameter != null"> 
      <include refid="TBL_USER_ROLE_REL.Criteria_Where_Clause"/> 
    </if> 
  </select>
  <select id="selectByPrimaryKey" resultMap="BaseResultMap1" parameterType="com.i2shopping.i2work.operation.core.common.model.UserRoleKey"> 
    <!--
      WARNING - This element is automatically generated by Apache iBATIS ibator, do not modify.
      This element was generated on Fri Aug 10 14:26:59 CST 2012.
    --> select USER_ID, ROLE_ID from TBL_USER_ROLE_REL
    <trim prefix="where"> 
      <include refid="TBL_USER_ROLE_REL.User_Role_Where_Clause"/> 
    </trim> 
  </select>
  <select id="selectByRoleId" resultMap="BaseResultMap" parameterType="com.i2shopping.i2work.operation.core.common.model.UserRoleKey">select USER_ID, ROLE_ID from TBL_USER_ROLE_REL where ROLE_ID = #{roleId:VARCHAR}</select>
  <delete id="deleteByPrimaryKey" parameterType="com.i2shopping.i2work.operation.core.common.model.UserRoleKey"> 
    <!--
      WARNING - This element is automatically generated by Apache iBATIS ibator, do not modify.
      This element was generated on Fri Aug 10 14:26:59 CST 2012.
    --> delete from TBL_USER_ROLE_REL 
    <trim prefix="where"> 
      <include refid="TBL_USER_ROLE_REL.User_Role_Where_Clause"/> 
    </trim> 
  </delete>
  <delete id="deleteByCriteria" parameterType="com.i2shopping.i2work.operation.core.common.model.UserRoleCriteria"> 
    <!--
      WARNING - This element is automatically generated by Apache iBATIS ibator, do not modify.
      This element was generated on Fri Aug 10 14:26:59 CST 2012.
    --> delete from TBL_USER_ROLE_REL 
    <include refid="TBL_USER_ROLE_REL.Criteria_Where_Clause"/> 
  </delete>
  <insert id="insert" parameterType="com.i2shopping.i2work.operation.core.common.model.UserRoleKey"> 
    <!--
      WARNING - This element is automatically generated by Apache iBATIS ibator, do not modify.
      This element was generated on Fri Aug 10 14:26:59 CST 2012.
    --> insert into TBL_USER_ROLE_REL (USER_ID, ROLE_ID) values (#{userId:VARCHAR}, #{roleId:VARCHAR})
  </insert>
  <insert id="insertSelective" parameterType="com.i2shopping.i2work.operation.core.common.model.UserRoleKey"> 
    <!--
      WARNING - This element is automatically generated by Apache iBATIS ibator, do not modify.
      This element was generated on Fri Aug 10 14:26:59 CST 2012.
    --> insert into TBL_USER_ROLE_REL 
    <trim prefix="("> 
      <if test="userId != null">USER_ID ,</if>  
      <if test="roleId != null">ROLE_ID ,</if> )
    </trim> values 
    <trim prefix="("> 
      <if test="userId != null">#{userId:VARCHAR} ,</if>  
      <if test="roleId != null">#{roleId:VARCHAR} ,</if> )
    </trim> 
  </insert>
  <select id="countByCriteria" parameterType="com.i2shopping.i2work.operation.core.common.model.UserRoleCriteria" resultType="java.lang.Integer"> 
    <!--
      WARNING - This element is automatically generated by Apache iBATIS ibator, do not modify.
      This element was generated on Fri Aug 10 14:26:59 CST 2012.
    --> select count(*) from TBL_USER_ROLE_REL 
    <include refid="TBL_USER_ROLE_REL.Criteria_Where_Clause"/> 
  </select>
  <update id="updateByCriteriaSelective"> 
    <!--
      WARNING - This element is automatically generated by Apache iBATIS ibator, do not modify.
      This element was generated on Fri Aug 10 14:26:59 CST 2012.
    --> update TBL_USER_ROLE_REL 
    <trim prefix="set"> 
      <if test="record.userId != null">USER_ID = #{record.userId:VARCHAR} ,</if>  
      <if test="record.roleId != null">ROLE_ID = #{record.roleId:VARCHAR} ,</if> 
    </trim>  
    <if test="_parameter != null"> 
      <include refid="TBL_USER_ROLE_REL.Criteria_Where_Clause"/> 
    </if> 
  </update>
  <update id="updateByCriteria"> 
    <!--
      WARNING - This element is automatically generated by Apache iBATIS ibator, do not modify.
      This element was generated on Fri Aug 10 14:26:59 CST 2012.
    --> update TBL_USER_ROLE_REL set USER_ID = #{record.userId:VARCHAR}, ROLE_ID = #{record.roleId:VARCHAR}
    <if test="_parameter != null"> 
      <include refid="TBL_USER_ROLE_REL.Criteria_Where_Clause"/> 
    </if> 
  </update>
</mapper>
