<?xml version="1.0" encoding="UTF-8"?>
<!DOCTYPE mapper PUBLIC "-//mybatis.org//DTD Mapper 3.0//EN" "http://mybatis.org/dtd/mybatis-3-mapper.dtd">

<mapper namespace="tbl_lottery_desk">
  <resultMap id="BaseResultMap" type="com.i2shopping.i2work.operation.core.lotteryDesk.model.LotteryDesk">
    <!--
      WARNING - This element is automatically generated by Apache iBATIS ibator, do not modify.
      This element was generated on Mon Jan 11 18:21:26 CST 2016.
    -->
    <result column="id" property="id" jdbcType="CHAR"/>
    <result column="desk_id" property="deskId" jdbcType="INTEGER"/>
    <result column="desk_name" property="deskName" jdbcType="VARCHAR"/>
    <result column="employee_id" property="employeeId" jdbcType="CHAR"/>
    <result column="employee_name" property="employeeName" jdbcType="VARCHAR"/>
    <result column="employee_pic_url" property="employeePicUrl" jdbcType="VARCHAR"/>
    <result column="employee_dep" property="employeeDep" jdbcType="VARCHAR"/>
  </resultMap>
  <sql id="Criteria_Where_Clause"> 
    <!--
      WARNING - This element is automatically generated by Apache iBATIS ibator, do not modify.
      This element was generated on Mon Jan 11 18:21:26 CST 2016.
    -->  
    <iterate property="oredCriteria" conjunction="or" prepend="where" removeFirstPrepend="iterate"> 
      <if test="oredCriteria[].valid!= null and oredCriteria[].valid == 'true'.toString()">( 
        <iterate prepend="and" property="oredCriteria[].criteriaWithoutValue" conjunction="and">$oredCriteria[].criteriaWithoutValue[]$</iterate>  
        <iterate prepend="and" property="oredCriteria[].criteriaWithSingleValue" conjunction="and">$oredCriteria[].criteriaWithSingleValue[].condition$ #{oredCriteria[].criteriaWithSingleValue[].value}</iterate>  
        <iterate prepend="and" property="oredCriteria[].criteriaWithListValue" conjunction="and">$oredCriteria[].criteriaWithListValue[].condition$
          <iterate property="oredCriteria[].criteriaWithListValue[].values" open="(" close=")" conjunction=",">#{oredCriteria[].criteriaWithListValue[].values[]}</iterate> 
        </iterate>  
        <iterate prepend="and" property="oredCriteria[].criteriaWithBetweenValue" conjunction="and">$oredCriteria[].criteriaWithBetweenValue[].condition$ #{oredCriteria[].criteriaWithBetweenValue[].values[0]} and #{oredCriteria[].criteriaWithBetweenValue[].values[1]}</iterate> )
      </if> 
    </iterate> 
  </sql>
  <select id="selectByCriteria" resultMap="BaseResultMap" parameterType="com.i2shopping.i2work.operation.core.lotteryDesk.model.LotteryDeskCriteria"> 
    <!--
      WARNING - This element is automatically generated by Apache iBATIS ibator, do not modify.
      This element was generated on Mon Jan 11 18:21:26 CST 2016.
    --> select id, desk_id, desk_name, employee_id, employee_name, employee_pic_url, employee_dep from tbl_lottery_desk
    <if test="_parameter != null"> 
      <include refid="tbl_lottery_desk.Criteria_Where_Clause"/>  
      <if test="orderByClause != null">order by ${orderByClause}</if> 
    </if> 
  </select>
  <select id="selectByPrimaryKey" resultMap="BaseResultMap" parameterType="com.i2shopping.i2work.operation.core.lotteryDesk.model.LotteryDesk"> 
    <!--
      WARNING - This element is automatically generated by Apache iBATIS ibator, do not modify.
      This element was generated on Mon Jan 11 18:21:26 CST 2016.
    --> select id, desk_id, desk_name, employee_id, employee_name, employee_pic_url, employee_dep from tbl_lottery_desk where id = #{id:CHAR}
  </select>
  <delete id="deleteByPrimaryKey" parameterType="com.i2shopping.i2work.operation.core.lotteryDesk.model.LotteryDesk"> 
    <!--
      WARNING - This element is automatically generated by Apache iBATIS ibator, do not modify.
      This element was generated on Mon Jan 11 18:21:26 CST 2016.
    --> delete from tbl_lottery_desk where id = #{id:CHAR}
  </delete>
  <delete id="deleteByCriteria" parameterType="com.i2shopping.i2work.operation.core.lotteryDesk.model.LotteryDeskCriteria"> 
    <!--
      WARNING - This element is automatically generated by Apache iBATIS ibator, do not modify.
      This element was generated on Mon Jan 11 18:21:26 CST 2016.
    --> delete from tbl_lottery_desk 
    <include refid="tbl_lottery_desk.Criteria_Where_Clause"/> 
  </delete>
  <insert id="insert" parameterType="com.i2shopping.i2work.operation.core.lotteryDesk.model.LotteryDesk"> 
    <!--
      WARNING - This element is automatically generated by Apache iBATIS ibator, do not modify.
      This element was generated on Mon Jan 11 18:21:26 CST 2016.
    --> insert into tbl_lottery_desk (id, desk_id, desk_name, employee_id, employee_name, employee_pic_url, employee_dep) values (#{id:CHAR}, #{deskId:INTEGER}, #{deskName:VARCHAR}, #{employeeId:CHAR}, #{employeeName:VARCHAR}, #{employeePicUrl:VARCHAR}, #{employeeDep:VARCHAR})
  </insert>
  <insert id="insertSelective" parameterType="com.i2shopping.i2work.operation.core.lotteryDesk.model.LotteryDesk"> 
    <!--
      WARNING - This element is automatically generated by Apache iBATIS ibator, do not modify.
      This element was generated on Mon Jan 11 18:21:26 CST 2016.
    --> insert into tbl_lottery_desk 
    <trim prefix="("> 
      <if test="id != null">id ,</if>  
      <if test="deskId != null">desk_id ,</if>  
      <if test="deskName != null">desk_name ,</if>  
      <if test="employeeId != null">employee_id ,</if>  
      <if test="employeeName != null">employee_name ,</if>  
      <if test="employeePicUrl != null">employee_pic_url ,</if>  
      <if test="employeeDep != null">employee_dep ,</if> )
    </trim> values 
    <trim prefix="("> 
      <if test="id != null">#{id:CHAR} ,</if>  
      <if test="deskId != null">#{deskId:INTEGER} ,</if>  
      <if test="deskName != null">#{deskName:VARCHAR} ,</if>  
      <if test="employeeId != null">#{employeeId:CHAR} ,</if>  
      <if test="employeeName != null">#{employeeName:VARCHAR} ,</if>  
      <if test="employeePicUrl != null">#{employeePicUrl:VARCHAR} ,</if>  
      <if test="employeeDep != null">#{employeeDep:VARCHAR} ,</if> )
    </trim> 
  </insert>
  <select id="countByCriteria" parameterType="com.i2shopping.i2work.operation.core.lotteryDesk.model.LotteryDeskCriteria" resultType="java.lang.Integer"> 
    <!--
      WARNING - This element is automatically generated by Apache iBATIS ibator, do not modify.
      This element was generated on Mon Jan 11 18:21:26 CST 2016.
    --> select count(*) from tbl_lottery_desk 
    <include refid="tbl_lottery_desk.Criteria_Where_Clause"/> 
  </select>
  <update id="updateByCriteriaSelective"> 
    <!--
      WARNING - This element is automatically generated by Apache iBATIS ibator, do not modify.
      This element was generated on Mon Jan 11 18:21:26 CST 2016.
    --> update tbl_lottery_desk 
    <trim prefix="set"> 
      <if test="record.id != null">id = #{record.id:CHAR} ,</if>  
      <if test="record.deskId != null">desk_id = #{record.deskId:INTEGER} ,</if>  
      <if test="record.deskName != null">desk_name = #{record.deskName:VARCHAR} ,</if>  
      <if test="record.employeeId != null">employee_id = #{record.employeeId:CHAR} ,</if>  
      <if test="record.employeeName != null">employee_name = #{record.employeeName:VARCHAR} ,</if>  
      <if test="record.employeePicUrl != null">employee_pic_url = #{record.employeePicUrl:VARCHAR} ,</if>  
      <if test="record.employeeDep != null">employee_dep = #{record.employeeDep:VARCHAR} ,</if> 
    </trim>  
    <if test="_parameter != null"> 
      <include refid="tbl_lottery_desk.Criteria_Where_Clause"/> 
    </if> 
  </update>
  <update id="updateByCriteria"> 
    <!--
      WARNING - This element is automatically generated by Apache iBATIS ibator, do not modify.
      This element was generated on Mon Jan 11 18:21:26 CST 2016.
    --> update tbl_lottery_desk set id = #{record.id:CHAR}, desk_id = #{record.deskId:INTEGER}, desk_name = #{record.deskName:VARCHAR}, employee_id = #{record.employeeId:CHAR}, employee_name = #{record.employeeName:VARCHAR}, employee_pic_url = #{record.employeePicUrl:VARCHAR}, employee_dep = #{record.employeeDep:VARCHAR}
    <if test="_parameter != null"> 
      <include refid="tbl_lottery_desk.Criteria_Where_Clause"/> 
    </if> 
  </update>
  <update id="updateByPrimaryKeySelective" parameterType="com.i2shopping.i2work.operation.core.lotteryDesk.model.LotteryDesk"> 
    <!--
      WARNING - This element is automatically generated by Apache iBATIS ibator, do not modify.
      This element was generated on Mon Jan 11 18:21:26 CST 2016.
    --> update tbl_lottery_desk 
    <trim prefix="set"> 
      <if test="deskId != null">desk_id = #{deskId:INTEGER} ,</if>  
      <if test="deskName != null">desk_name = #{deskName:VARCHAR} ,</if>  
      <if test="employeeId != null">employee_id = #{employeeId:CHAR} ,</if>  
      <if test="employeeName != null">employee_name = #{employeeName:VARCHAR} ,</if>  
      <if test="employeePicUrl != null">employee_pic_url = #{employeePicUrl:VARCHAR} ,</if>  
      <if test="employeeDep != null">employee_dep = #{employeeDep:VARCHAR} ,</if> 
    </trim> where id = #{id:CHAR}
  </update>
  <update id="updateByPrimaryKey" parameterType="com.i2shopping.i2work.operation.core.lotteryDesk.model.LotteryDesk"> 
    <!--
      WARNING - This element is automatically generated by Apache iBATIS ibator, do not modify.
      This element was generated on Mon Jan 11 18:21:26 CST 2016.
    --> update tbl_lottery_desk set desk_id = #{deskId:INTEGER}, desk_name = #{deskName:VARCHAR}, employee_id = #{employeeId:CHAR}, employee_name = #{employeeName:VARCHAR}, employee_pic_url = #{employeePicUrl:VARCHAR}, employee_dep = #{employeeDep:VARCHAR} where id = #{id:CHAR}
  </update>
  <!-- 通过id查询出一条记录 -->
  <select id="queryLotteryDeskById" resultMap="BaseResultMap" parameterType="java.lang.String">select * from tbl_lottery_desk where id = #{id:CHAR}</select>
  <!-- 通过员工id查询出一条记录 -->
  <select id="queryLotteryDeskByEmpId" resultMap="BaseResultMap" parameterType="java.lang.String">select * from tbl_lottery_desk where employee_id = #{employeeId:CHAR}</select>
  <!-- 通过id删除记录 -->
  <delete id="deleteLotteryDeskById" parameterType="java.lang.String">delete from tbl_lottery_desk where id = #{id:CHAR}</delete>
  <select id="selectLotteryDeskByPage" resultMap="BaseResultMap" parameterType="com.i2shopping.i2work.operation.core.lotteryDesk.model.LotteryDesk">select * from tbl_lottery_desk order by id desc</select>
  <select id="countByLotteryDesk" parameterType="com.i2shopping.i2work.operation.core.lotteryDesk.model.LotteryDesk" resultType="java.lang.Integer">select count(*) from tbl_lottery_desk</select>
</mapper>
