<?xml version="1.0" encoding="UTF-8"?>
<!DOCTYPE mapper PUBLIC "-//mybatis.org//DTD Mapper 3.0//EN" "http://mybatis.org/dtd/mybatis-3-mapper.dtd">

<mapper namespace="tbl_red_package">
  <resultMap id="BaseResultMap" type="com.i2shopping.i2work.operation.core.redPackage.model.RedPackage">
    <!--
      WARNING - This element is automatically generated by Apache iBATIS ibator, do not modify.
      This element was generated on Thu Jan 21 23:32:26 CST 2016.
    -->
    <result column="PACKAGE_ID" property="packageId" jdbcType="VARCHAR"/>
    <result column="EMPLOYEE_ID" property="employeeId" jdbcType="VARCHAR"/>
    <result column="ORIGNAL_ID" property="orignalId" jdbcType="VARCHAR"/>
    <result column="PACKAGE_AMOUNT" property="packageAmount" jdbcType="DECIMAL"/>
    <result column="CREATE_TIME" property="createTime" jdbcType="TIMESTAMP"/>
    <result column="STATUS" property="status" jdbcType="CHAR"/>
    <result column="REMAARK1" property="remaark1" jdbcType="VARCHAR"/>
    <result column="REMAARK2" property="remaark2" jdbcType="VARCHAR"/>
  </resultMap>
  <sql id="Criteria_Where_Clause"> 
    <!--
      WARNING - This element is automatically generated by Apache iBATIS ibator, do not modify.
      This element was generated on Thu Jan 21 23:32:26 CST 2016.
    -->  
    <iterate property="oredCriteria" conjunction="or" prepend="where" removeFirstPrepend="iterate"> 
      <if test="oredCriteria[].valid!= null and oredCriteria[].valid == 'true'.toString()">( 
        <iterate prepend="and" property="oredCriteria[].criteriaWithoutValue" conjunction="and">$oredCriteria[].criteriaWithoutValue[]$</iterate>  
        <iterate prepend="and" property="oredCriteria[].criteriaWithSingleValue" conjunction="and">$oredCriteria[].criteriaWithSingleValue[].condition$ #{oredCriteria[].criteriaWithSingleValue[].value}</iterate>  
        <iterate prepend="and" property="oredCriteria[].criteriaWithListValue" conjunction="and">$oredCriteria[].criteriaWithListValue[].condition$
          <iterate property="oredCriteria[].criteriaWithListValue[].values" open="(" close=")" conjunction=",">#{oredCriteria[].criteriaWithListValue[].values[]}</iterate> 
        </iterate>  
        <iterate prepend="and" property="oredCriteria[].criteriaWithBetweenValue" conjunction="and">$oredCriteria[].criteriaWithBetweenValue[].condition$ #{oredCriteria[].criteriaWithBetweenValue[].values[0]} and #{oredCriteria[].criteriaWithBetweenValue[].values[1]}</iterate> )
      </if> 
    </iterate> 
  </sql>
  <select id="selectByCriteria" resultMap="BaseResultMap" parameterType="com.i2shopping.i2work.operation.core.redPackage.model.RedPackageCriteria"> 
    <!--
      WARNING - This element is automatically generated by Apache iBATIS ibator, do not modify.
      This element was generated on Thu Jan 21 23:32:26 CST 2016.
    --> select * from tbl_red_package 
    <if test="_parameter != null"> 
      <include refid="tbl_red_package.Criteria_Where_Clause"/>  
      <if test="orderByClause != null">order by ${orderByClause}</if> 
    </if> 
  </select>
  <select id="selectByPrimaryKey" resultMap="BaseResultMap" parameterType="com.i2shopping.i2work.operation.core.redPackage.model.RedPackage"> 
    <!--
      WARNING - This element is automatically generated by Apache iBATIS ibator, do not modify.
      This element was generated on Thu Jan 21 23:32:26 CST 2016.
    --> select * from tbl_red_package where PACKAGE_ID = #{packageId:VARCHAR}
  </select>
  <select id="selectListByOrinalId" resultMap="BaseResultMap" parameterType="com.i2shopping.i2work.operation.core.redPackage.model.RedPackage">select * from tbl_red_package where ORIGNAL_ID = #{orignalId:VARCHAR}
    <if test="status != null and status != ''">and STATUS =#{status:CHAR}</if> ORDER BY PACKAGE_ID asc
  </select>
  <select id="selectRedpackageByOrinalId" resultMap="BaseResultMap" parameterType="com.i2shopping.i2work.operation.core.redPackage.model.RedPackage">select * from tbl_red_package where ORIGNAL_ID = #{orignalId:VARCHAR}
    <if test="status != null and status != ''">and STATUS =#{status:CHAR}</if> ORDER BY PACKAGE_ID asc limit 1 for update
  </select>
  <delete id="deleteByPrimaryKey" parameterType="com.i2shopping.i2work.operation.core.redPackage.model.RedPackage"> 
    <!--
      WARNING - This element is automatically generated by Apache iBATIS ibator, do not modify.
      This element was generated on Thu Jan 21 23:32:26 CST 2016.
    --> delete from tbl_red_package where PACKAGE_ID = #{packageId:VARCHAR}
  </delete>
  <delete id="deleteByCriteria" parameterType="com.i2shopping.i2work.operation.core.redPackage.model.RedPackageCriteria"> 
    <!--
      WARNING - This element is automatically generated by Apache iBATIS ibator, do not modify.
      This element was generated on Thu Jan 21 23:32:26 CST 2016.
    --> delete from tbl_red_package 
    <include refid="tbl_red_package.Criteria_Where_Clause"/> 
  </delete>
  <insert id="insert" parameterType="com.i2shopping.i2work.operation.core.redPackage.model.RedPackage"> 
    <!--
      WARNING - This element is automatically generated by Apache iBATIS ibator, do not modify.
      This element was generated on Thu Jan 21 23:32:26 CST 2016.
    --> insert into tbl_red_package (PACKAGE_ID, EMPLOYEE_ID, ORIGNAL_ID, PACKAGE_AMOUNT, CREATE_TIME, STATUS, REMAARK1, REMAARK2) values (#{packageId:VARCHAR}, #{employeeId:VARCHAR}, #{orignalId:VARCHAR}, #{packageAmount:DECIMAL}, #{createTime:TIMESTAMP}, #{status:CHAR}, #{remaark1:VARCHAR}, #{remaark2:VARCHAR})
  </insert>
  <insert id="insertSelective" parameterType="com.i2shopping.i2work.operation.core.redPackage.model.RedPackage"> 
    <!--
      WARNING - This element is automatically generated by Apache iBATIS ibator, do not modify.
      This element was generated on Thu Jan 21 23:32:26 CST 2016.
    --> insert into tbl_red_package 
    <trim prefix="("> 
      <if test="packageId != null">PACKAGE_ID ,</if>  
      <if test="employeeId != null">EMPLOYEE_ID ,</if>  
      <if test="orignalId != null">ORIGNAL_ID ,</if>  
      <if test="packageAmount != null">PACKAGE_AMOUNT ,</if>  
      <if test="createTime != null">CREATE_TIME ,</if>  
      <if test="status != null">STATUS ,</if>  
      <if test="remaark1 != null">REMAARK1 ,</if>  
      <if test="remaark2 != null">REMAARK2 ,</if> )
    </trim> values 
    <trim prefix="("> 
      <if test="packageId != null">#{packageId:VARCHAR} ,</if>  
      <if test="employeeId != null">#{employeeId:VARCHAR} ,</if>  
      <if test="orignalId != null">#{orignalId:VARCHAR} ,</if>  
      <if test="packageAmount != null">#{packageAmount:DECIMAL} ,</if>  
      <if test="createTime != null">#{createTime:TIMESTAMP} ,</if>  
      <if test="status != null">#{status:CHAR} ,</if>  
      <if test="remaark1 != null">#{remaark1:VARCHAR} ,</if>  
      <if test="remaark2 != null">#{remaark2:VARCHAR} ,</if> )
    </trim> 
  </insert>
  <select id="countByCriteria" parameterType="com.i2shopping.i2work.operation.core.redPackage.model.RedPackageCriteria" resultType="java.lang.Integer"> 
    <!--
      WARNING - This element is automatically generated by Apache iBATIS ibator, do not modify.
      This element was generated on Thu Jan 21 23:32:26 CST 2016.
    --> select count(*) from tbl_red_package 
    <include refid="tbl_red_package.Criteria_Where_Clause"/> 
  </select>
  <update id="updateByCriteriaSelective"> 
    <!--
      WARNING - This element is automatically generated by Apache iBATIS ibator, do not modify.
      This element was generated on Thu Jan 21 23:32:26 CST 2016.
    --> update tbl_red_package 
    <trim prefix="set"> 
      <if test="record.packageId != null">PACKAGE_ID = #{record.packageId:VARCHAR} ,</if>  
      <if test="record.employeeId != null">EMPLOYEE_ID = #{record.employeeId:VARCHAR} ,</if>  
      <if test="record.orignalId != null">ORIGNAL_ID = #{record.orignalId:VARCHAR} ,</if>  
      <if test="record.packageAmount != null">PACKAGE_AMOUNT = #{record.packageAmount:DECIMAL} ,</if>  
      <if test="record.createTime != null">CREATE_TIME = #{record.createTime:TIMESTAMP} ,</if>  
      <if test="record.status != null">STATUS = #{record.status:CHAR} ,</if>  
      <if test="record.remaark1 != null">REMAARK1 = #{record.remaark1:VARCHAR} ,</if>  
      <if test="record.remaark2 != null">REMAARK2 = #{record.remaark2:VARCHAR} ,</if> 
    </trim>  
    <if test="_parameter != null"> 
      <include refid="tbl_red_package.Criteria_Where_Clause"/> 
    </if> 
  </update>
  <update id="updateByCriteria"> 
    <!--
      WARNING - This element is automatically generated by Apache iBATIS ibator, do not modify.
      This element was generated on Thu Jan 21 23:32:26 CST 2016.
    --> update tbl_red_package set PACKAGE_ID = #{record.packageId:VARCHAR}, EMPLOYEE_ID = #{record.employeeId:VARCHAR}, ORIGNAL_ID = #{record.orignalId:VARCHAR}, PACKAGE_AMOUNT = #{record.packageAmount:DECIMAL}, CREATE_TIME = #{record.createTime:TIMESTAMP}, STATUS = #{record.status:CHAR}, REMAARK1 = #{record.remaark1:VARCHAR}, REMAARK2 = #{record.remaark2:VARCHAR}
    <if test="_parameter != null"> 
      <include refid="tbl_red_package.Criteria_Where_Clause"/> 
    </if> 
  </update>
  <update id="updateByPrimaryKeySelective" parameterType="com.i2shopping.i2work.operation.core.redPackage.model.RedPackage"> 
    <!--
      WARNING - This element is automatically generated by Apache iBATIS ibator, do not modify.
      This element was generated on Thu Jan 21 23:32:26 CST 2016.
    --> update tbl_red_package 
    <trim prefix="set"> 
      <if test="employeeId != null">EMPLOYEE_ID = #{employeeId:VARCHAR} ,</if>  
      <if test="orignalId != null">ORIGNAL_ID = #{orignalId:VARCHAR} ,</if>  
      <if test="packageAmount != null">PACKAGE_AMOUNT = #{packageAmount:DECIMAL} ,</if>  
      <if test="createTime != null">CREATE_TIME = #{createTime:TIMESTAMP} ,</if>  
      <if test="status != null">STATUS = #{status:CHAR} ,</if>  
      <if test="remaark1 != null">REMAARK1 = #{remaark1:VARCHAR} ,</if>  
      <if test="remaark2 != null">REMAARK2 = #{remaark2:VARCHAR} ,</if> 
    </trim> where PACKAGE_ID = #{packageId:VARCHAR}
  </update>
  <update id="updateByPrimaryKey" parameterType="com.i2shopping.i2work.operation.core.redPackage.model.RedPackage"> 
    <!--
      WARNING - This element is automatically generated by Apache iBATIS ibator, do not modify.
      This element was generated on Thu Jan 21 23:32:26 CST 2016.
    --> update tbl_red_package set EMPLOYEE_ID = #{employeeId:VARCHAR}, ORIGNAL_ID = #{orignalId:VARCHAR}, PACKAGE_AMOUNT = #{packageAmount:DECIMAL}, CREATE_TIME = #{createTime:TIMESTAMP}, STATUS = #{status:CHAR}, REMAARK1 = #{remaark1:VARCHAR}, REMAARK2 = #{remaark2:VARCHAR} where PACKAGE_ID = #{packageId:VARCHAR}
  </update>
</mapper>
