<?xml version="1.0" encoding="UTF-8"?>
<!DOCTYPE mapper PUBLIC "-//mybatis.org//DTD Mapper 3.0//EN" "http://mybatis.org/dtd/mybatis-3-mapper.dtd">

<mapper namespace="TBL_TASK">
  <resultMap id="BaseResultMap" type="com.i2shopping.i2work.operation.core.task.model.Task">
    <!--
      WARNING - This element is automatically generated by Apache iBATIS ibator, do not modify.
      This element was generated on Tue May 15 11:11:27 CST 2012.
    -->
    <result column="TASK_ID" property="taskId" jdbcType="CHAR"/>
    <result column="TASK_TYPE" property="taskType" jdbcType="CHAR"/>
    <result column="TASK_NAME" property="taskName" jdbcType="VARCHAR"/>
    <result column="TASK_JOB_DETAIL" property="taskJobDetail" jdbcType="VARCHAR"/>
    <result column="TASK_PARAMS" property="taskParams" jdbcType="VARCHAR"/>
    <result column="TASK_CRON_EXPRESSION" property="taskCronExpression" jdbcType="VARCHAR"/>
    <result column="SCHEDULE_STATUS" property="scheduleStatus" jdbcType="CHAR"/>
    <result column="TASK_DESC" property="taskDesc" jdbcType="VARCHAR"/>
    <result column="TASK_RECOVERY" property="taskRecovery" jdbcType="CHAR"/>
    <result column="TASK_CREATE_TIME" property="taskCreateTime" jdbcType="TIMESTAMP"/>
  </resultMap>
  <sql id="Criteria_Where_Clause"> 
    <!--
      WARNING - This element is automatically generated by Apache iBATIS ibator, do not modify.
      This element was generated on Tue May 15 11:11:27 CST 2012.
    -->  
    <iterate property="oredCriteria" conjunction="or" prepend="where" removeFirstPrepend="iterate"> 
      <if test="oredCriteria[].valid!= null and oredCriteria[].valid == 'true'.toString()">( 
        <iterate prepend="and" property="oredCriteria[].criteriaWithoutValue" conjunction="and">$oredCriteria[].criteriaWithoutValue[]$</iterate>  
        <iterate prepend="and" property="oredCriteria[].criteriaWithSingleValue" conjunction="and">$oredCriteria[].criteriaWithSingleValue[].condition$ #{oredCriteria[].criteriaWithSingleValue[].value}</iterate>  
        <iterate prepend="and" property="oredCriteria[].criteriaWithListValue" conjunction="and">$oredCriteria[].criteriaWithListValue[].condition$
          <iterate property="oredCriteria[].criteriaWithListValue[].values" open="(" close=")" conjunction=",">#{oredCriteria[].criteriaWithListValue[].values[]}</iterate> 
        </iterate>  
        <iterate prepend="and" property="oredCriteria[].criteriaWithBetweenValue" conjunction="and">$oredCriteria[].criteriaWithBetweenValue[].condition$ #{oredCriteria[].criteriaWithBetweenValue[].values[0]} and #{oredCriteria[].criteriaWithBetweenValue[].values[1]}</iterate> )
      </if> 
    </iterate> 
  </sql>
  <select id="selectByCriteria" resultMap="BaseResultMap" parameterType="com.i2shopping.i2work.operation.core.task.model.TaskCriteria"> 
    <!--
      WARNING - This element is automatically generated by Apache iBATIS ibator, do not modify.
      This element was generated on Tue May 15 11:11:27 CST 2012.
    --> select TBL_TASK.* from TBL_TASK
    <if test="_parameter != null"> 
      <include refid="TBL_TASK.Criteria_Where_Clause"/> 
    </if> 
  </select>
  <select id="selectByPrimaryKey" resultMap="BaseResultMap" parameterType="com.i2shopping.i2work.operation.core.task.model.Task"> 
    <!--
      WARNING - This element is automatically generated by Apache iBATIS ibator, do not modify.
      This element was generated on Tue May 15 11:11:27 CST 2012.
    --> select TBL_TASK.* from TBL_TASK where TASK_ID = #{taskId:CHAR}
  </select>
  <delete id="deleteByPrimaryKey" parameterType="com.i2shopping.i2work.operation.core.task.model.Task"> 
    <!--
      WARNING - This element is automatically generated by Apache iBATIS ibator, do not modify.
      This element was generated on Tue May 15 11:11:27 CST 2012.
    --> delete from TBL_TASK where TASK_ID = #{taskId:CHAR}
  </delete>
  <delete id="deleteByCriteria" parameterType="com.i2shopping.i2work.operation.core.task.model.TaskCriteria"> 
    <!--
      WARNING - This element is automatically generated by Apache iBATIS ibator, do not modify.
      This element was generated on Tue May 15 11:11:27 CST 2012.
    --> delete from TBL_TASK 
    <include refid="TBL_TASK.Criteria_Where_Clause"/> 
  </delete>
  <insert id="insert" parameterType="com.i2shopping.i2work.operation.core.task.model.Task"> 
    <!--
      WARNING - This element is automatically generated by Apache iBATIS ibator, do not modify.
      This element was generated on Tue May 15 11:11:27 CST 2012.
    --> insert into TBL_TASK (TASK_ID, TASK_TYPE, TASK_NAME, TASK_JOB_DETAIL, TASK_PARAMS, TASK_CRON_EXPRESSION, SCHEDULE_STATUS, TASK_DESC,TASK_RECOVERY,TASK_CREATE_TIME) values (#{taskId:CHAR}, #{taskType:CHAR}, #{taskName:VARCHAR}, #{taskJobDetail:VARCHAR}, #{taskParams:VARCHAR}, #{taskCronExpression:VARCHAR}, #{scheduleStatus:CHAR}, #{taskDesc:VARCHAR},#{taskRecovery:CHAR},#{taskCreateTime:TIMESTAMP})
  </insert>
  <insert id="insertSelective" parameterType="com.i2shopping.i2work.operation.core.task.model.Task"> 
    <!--
      WARNING - This element is automatically generated by Apache iBATIS ibator, do not modify.
      This element was generated on Tue May 15 11:11:27 CST 2012.
    --> insert into TBL_TASK 
    <trim prefix="("> 
      <if test="taskId != null">TASK_ID ,</if>  
      <if test="taskType != null">TASK_TYPE ,</if>  
      <if test="taskName != null">TASK_NAME ,</if>  
      <if test="taskJobDetail != null">TASK_JOB_DETAIL ,</if>  
      <if test="taskParams != null">TASK_PARAMS ,</if>  
      <if test="taskCronExpression != null">TASK_CRON_EXPRESSION ,</if>  
      <if test="scheduleStatus != null">SCHEDULE_STATUS ,</if>  
      <if test="taskDesc != null">TASK_DESC ,</if>  
      <if test="taskRecovery != null">TASK_RECOVERY ,</if>  
      <if test="taskCreateTime != null">TASK_CREATE_TIME ,</if> )
    </trim> values 
    <trim prefix="("> 
      <if test="taskId != null">#{taskId:CHAR} ,</if>  
      <if test="taskType != null">#{taskType:CHAR} ,</if>  
      <if test="taskName != null">#{taskName:VARCHAR} ,</if>  
      <if test="taskJobDetail != null">#{taskJobDetail:VARCHAR} ,</if>  
      <if test="taskParams != null">#{taskParams:VARCHAR} ,</if>  
      <if test="taskCronExpression != null">#{taskCronExpression:VARCHAR} ,</if>  
      <if test="scheduleStatus != null">#{scheduleStatus:CHAR} ,</if>  
      <if test="taskDesc != null">#{taskDesc:VARCHAR} ,</if>  
      <if test="taskRecovery != null">#{taskRecovery:CHAR} ,</if>  
      <if test="taskCreateTime != null">#{taskCreateTime:TIMESTAMP} ,</if> )
    </trim> 
  </insert>
  <select id="countByCriteria" parameterType="com.i2shopping.i2work.operation.core.task.model.TaskCriteria" resultType="java.lang.Integer"> 
    <!--
      WARNING - This element is automatically generated by Apache iBATIS ibator, do not modify.
      This element was generated on Tue May 15 11:11:27 CST 2012.
    --> select count(*) from TBL_TASK 
    <include refid="TBL_TASK.Criteria_Where_Clause"/> 
  </select>
  <update id="updateByCriteriaSelective"> 
    <!--
      WARNING - This element is automatically generated by Apache iBATIS ibator, do not modify.
      This element was generated on Tue May 15 11:11:27 CST 2012.
    --> update TBL_TASK 
    <trim prefix="set"> 
      <if test="record.taskId != null">TASK_ID = #{record.taskId:CHAR} ,</if>  
      <if test="record.taskType != null">TASK_TYPE = #{record.taskType:CHAR} ,</if>  
      <if test="record.taskName != null">TASK_NAME = #{record.taskName:VARCHAR} ,</if>  
      <if test="record.taskJobDetail != null">TASK_JOB_DETAIL = #{record.taskJobDetail:VARCHAR} ,</if>  
      <if test="record.taskParams != null">TASK_PARAMS = #{record.taskParams:VARCHAR} ,</if>  
      <if test="record.taskCronExpression != null">TASK_CRON_EXPRESSION = #{record.taskCronExpression:VARCHAR} ,</if>  
      <if test="record.scheduleStatus != null">SCHEDULE_STATUS = #{record.scheduleStatus:CHAR} ,</if>  
      <if test="record.taskDesc != null">TASK_DESC = #{record.taskDesc:VARCHAR} ,</if>  
      <if test="record.taskRecovery != null">TASK_RECOVERY = #{record.taskRecovery:CHAR} ,</if>  
      <if test="record.taskCreateTime != null">TASK_CREATE_TIME = #{record.taskCreateTime:TIMESTAMP} ,</if> 
    </trim>  
    <if test="_parameter != null"> 
      <include refid="TBL_TASK.Criteria_Where_Clause"/> 
    </if> 
  </update>
  <update id="updateByCriteria"> 
    <!--
      WARNING - This element is automatically generated by Apache iBATIS ibator, do not modify.
      This element was generated on Tue May 15 11:11:27 CST 2012.
    --> update TBL_TASK set TASK_ID = #{record.taskId:CHAR}, TASK_TYPE = #{record.taskType:CHAR}, TASK_NAME = #{record.taskName:VARCHAR}, TASK_JOB_DETAIL = #{record.taskJobDetail:VARCHAR}, TASK_PARAMS = #{record.taskParams:VARCHAR}, TASK_CRON_EXPRESSION = #{record.taskCronExpression:VARCHAR}, SCHEDULE_STATUS = #{record.scheduleStatus:CHAR}, TASK_DESC = #{record.taskDesc:VARCHAR}, TASK_RECOVERY = #{record.taskRecovery:CHAR}, TASK_CREATE_TIME = #{record.taskCreateTime:TIMESTAMP}
    <if test="_parameter != null"> 
      <include refid="TBL_TASK.Criteria_Where_Clause"/> 
    </if> 
  </update>
  <update id="updateByPrimaryKeySelective" parameterType="com.i2shopping.i2work.operation.core.task.model.Task"> 
    <!--
      WARNING - This element is automatically generated by Apache iBATIS ibator, do not modify.
      This element was generated on Tue May 15 11:11:27 CST 2012.
    --> update TBL_TASK 
    <trim prefix="set"> 
      <if test="taskType != null">TASK_TYPE = #{taskType:CHAR} ,</if>  
      <if test="taskName != null">TASK_NAME = #{taskName:VARCHAR} ,</if>  
      <if test="taskJobDetail != null">TASK_JOB_DETAIL = #{taskJobDetail:VARCHAR} ,</if>  
      <if test="taskParams != null">TASK_PARAMS = #{taskParams:VARCHAR} ,</if>  
      <if test="taskCronExpression != null">TASK_CRON_EXPRESSION = #{taskCronExpression:VARCHAR} ,</if>  
      <if test="scheduleStatus != null">SCHEDULE_STATUS = #{scheduleStatus:CHAR} ,</if>  
      <if test="taskDesc != null">TASK_DESC = #{taskDesc:VARCHAR} ,</if>  
      <if test="taskRecovery != null">TASK_RECOVERY = #{taskRecovery:CHAR} ,</if>  
      <if test="taskCreateTime != null">TASK_CREATE_TIME = #{taskCreateTime:TIMESTAMP} ,</if> 
    </trim> where TASK_ID = #{taskId:CHAR}
  </update>
  <update id="updateByPrimaryKey" parameterType="com.i2shopping.i2work.operation.core.task.model.Task"> 
    <!--
      WARNING - This element is automatically generated by Apache iBATIS ibator, do not modify.
      This element was generated on Tue May 15 11:11:27 CST 2012.
    --> update TBL_TASK set TASK_TYPE = #{taskType:CHAR}, TASK_NAME = #{taskName:VARCHAR}, TASK_JOB_DETAIL = #{taskJobDetail:VARCHAR}, TASK_PARAMS = #{taskParams:VARCHAR}, TASK_CRON_EXPRESSION = #{taskCronExpression:VARCHAR}, SCHEDULE_STATUS = #{scheduleStatus:CHAR}, TASK_DESC = #{taskDesc:VARCHAR}, TASK_RECOVERY = #{taskRecovery:CHAR}, TASK_CREATE_TIME = #{taskCreateTime:TIMESTAMP} where TASK_ID = #{taskId:CHAR}
  </update>
  <update id="updateScheduleStatus" parameterType="java.lang.String"> 
    <!--
      WARNING - This element is automatically generated by Apache iBATIS ibator, do not modify.
      This element was generated on Tue May 15 11:11:27 CST 2012.
    --> update TBL_TASK set SCHEDULE_STATUS = '0' where TASK_JOB_DETAIL = #{taskJobDetail:VARCHAR}
  </update>
</mapper>
