<?xml version="1.0" encoding="UTF-8"?>
<!DOCTYPE mapper PUBLIC "-//mybatis.org//DTD Mapper 3.0//EN" "http://mybatis.org/dtd/mybatis-3-mapper.dtd">

<mapper namespace="tbl_employee_contribution_coefficient">
  <resultMap id="BaseResultMap" type="com.i2shopping.i2work.operation.core.incomeexpenditure.model.EmployeeContributionCoefficient">
    <result column="employee_income_id" property="employeeIncomeId" jdbcType="VARCHAR"/>
    <result column="employee_name" property="employeeName" jdbcType="VARCHAR"/>
    <result column="employee_id" property="employeeId" jdbcType="VARCHAR"/>
    <result column="contribution_coefficient" property="contributionCoefficient" jdbcType="VARCHAR"/>
    <result column="income_expenditure_id" property="incomeExpenditureId" jdbcType="VARCHAR"/>
  </resultMap>
  <select id="selectByemployeeId" resultMap="BaseResultMap" parameterType="com.i2shopping.i2work.operation.core.incomeexpenditure.model.EmployeeContributionCoefficient">select ecc.* from tbl_employee_contribution_coefficient ecc , tbl_employee_info tei where ecc.employee_id = tei.EMPLOYEE_ID
    <if test="employeeId != null and employeeId != ''">and ecc.employee_id = #{employeeId:VARCHAR}</if>  
    <if test="employeeName != null and employeeName != ''">and tei.employee_name = #{employeeName:VARCHAR}</if> 
  </select>
  <!--查询列表 -->
  <select id="selectContributionByemployeeId" resultMap="BaseResultMap" parameterType="java.util.Map">select ecc.* from tbl_employee_contribution_coefficient ecc ,tbl_employee_info tei where ecc.employee_id = tei.EMPLOYEE_ID
    <if test="employeeId != null and employeeId != ''">and ecc.employee_id = #{employeeId:VARCHAR}</if>  
    <if test="employeeName != null and employeeName != ''">and ecc.employee_name = #{employeeName:VARCHAR}</if> 
  </select>
  <!--查询列表 -->
  <select id="selectContributionByemployeeIdCount" resultType="java.lang.Integer" parameterType="java.util.Map">select count(1) from tbl_employee_contribution_coefficient ecc ,tbl_employee_info tei where ecc.employee_id = tei.EMPLOYEE_ID
    <if test="employeeId != null and employeeId != ''">and ecc.employee_id = #{employeeId:VARCHAR}</if>  
    <if test="employeeName != null and employeeName != ''">and ecc.employee_name = #{employeeName:VARCHAR}</if> 
  </select>
  <insert id="insertSelective" parameterType="com.i2shopping.i2work.operation.core.incomeexpenditure.model.EmployeeContributionCoefficient"> 
    <!--
          WARNING - This element is automatically generated by Apache iBATIS ibator, do not modify.
          This element was generated on Wed Jul 08 17:48:50 CST 2015.
        --> insert into tbl_employee_contribution_coefficient 
    <trim prefix="("> 
      <if test="incomeExpenditureId != null">income_expenditure_id ,</if>  
      <if test="employeeId != null">employee_id ,</if>  
      <if test="employeeName != null">employee_name ,</if>  
      <if test="employeeIncomeId != null">employee_income_id ,</if>  
      <if test="contributionCoefficient != null">contribution_coefficient ,</if> )
    </trim> values 
    <trim prefix="("> 
      <if test="incomeExpenditureId != null">#{incomeExpenditureId:VARCHAR} ,</if>  
      <if test="employeeId != null">#{employeeId:VARCHAR} ,</if>  
      <if test="employeeName != null">#{employeeName:VARCHAR} ,</if>  
      <if test="employeeIncomeId != null">#{employeeIncomeId:VARCHAR} ,</if>  
      <if test="contributionCoefficient != null">#{contributionCoefficient:VARCHAR} ,</if> )
    </trim> 
  </insert>
  <update id="updateByPrimaryKeyByEmployeeId" parameterType="com.i2shopping.i2work.operation.core.incomeexpenditure.model.EmployeeContributionCoefficient">update tbl_employee_contribution_coefficient 
    <trim prefix="set"> 
      <if test="contributionCoefficient != null">contribution_coefficient = #{contributionCoefficient:VARCHAR} ,</if> 
    </trim>  
    <trim prefix="where"> 
      <if test="employeeId != null">and employee_id = #{employeeId:VARCHAR}</if>  
      <if test="employeeIncomeId != null">and employee_income_id = #{employeeIncomeId:VARCHAR}</if> 
    </trim> 
  </update>
</mapper>
