<?xml version="1.0" encoding="UTF-8"?>
<!DOCTYPE mapper PUBLIC "-//mybatis.org//DTD Mapper 3.0//EN" "http://mybatis.org/dtd/mybatis-3-mapper.dtd">

<mapper namespace="tbl_employee_income_expenditure">
  <resultMap id="BaseResultMap" type="com.i2shopping.i2work.operation.core.incomeexpenditure.model.IncomeExpenditure">
    <!--
          WARNING - This element is automatically generated by Apache iBATIS ibator, do not modify.
          This element was generated on Thu Apr 19 15:03:50 CST 2012.
        -->
    <result column="income_expenditure_id" property="incomeExpenditureId" jdbcType="VARCHAR"/>
    <result column="employee_id" property="employeeId" jdbcType="VARCHAR"/>
    <result column="income_time" property="incomeTime" jdbcType="VARCHAR"/>
    <result column="expenditure" property="expenditure" jdbcType="VARCHAR"/>
    <result column="expenditure_income" property="expenditureIncome" jdbcType="VARCHAR"/>
    <result column="gross_margin" property="grossMargin" jdbcType="VARCHAR"/>
    <result column="gross_margin_money" property="grossMarginMoney" jdbcType="VARCHAR"/>
    <result column="contant_no" property="contantNo" jdbcType="VARCHAR"/>
    <result column="remark1" property="remark1" jdbcType="VARCHAR"/>
    <result column="remark2" property="remark2" jdbcType="VARCHAR"/>
    <result column="remark3" property="remark3" jdbcType="VARCHAR"/>
    <result column="employeeName" property="employeeName" jdbcType="VARCHAR"/>
  </resultMap>
  <resultMap id="BaseResultMap2" type="com.i2shopping.i2work.operation.core.incomeexpenditure.model.IncomeExpenditure">
    <!--
          WARNING - This element is automatically generated by Apache iBATIS ibator, do not modify.
          This element was generated on Thu Apr 19 15:03:50 CST 2012.
        -->
    <result column="income_expenditure_id" property="incomeExpenditureId" jdbcType="VARCHAR"/>
    <result column="employee_id" property="employeeId" jdbcType="VARCHAR"/>
    <result column="income_time" property="incomeTime" jdbcType="VARCHAR"/>
    <result column="expenditure" property="expenditure" jdbcType="VARCHAR"/>
    <result column="expenditure_income" property="expenditureIncome" jdbcType="VARCHAR"/>
    <result column="gross_margin" property="grossMargin" jdbcType="VARCHAR"/>
    <result column="gross_margin_money" property="grossMarginMoney" jdbcType="VARCHAR"/>
    <result column="contant_no" property="contantNo" jdbcType="VARCHAR"/>
    <result column="remark1" property="remark1" jdbcType="VARCHAR"/>
    <result column="remark2" property="remark2" jdbcType="VARCHAR"/>
    <result column="remark3" property="remark3" jdbcType="VARCHAR"/>
  </resultMap>
  <resultMap id="IncomeOutlayResultMap" extends="BaseResultMap" type="com.i2shopping.i2work.operation.core.incomeexpenditure.model.IncomeExpenditure">
    <result column="departmentName" property="departmentName" jdbcType="VARCHAR"/>
    <result column="projectName" property="projectName" jdbcType="VARCHAR"/>
    <result column="gradeName" property="gradeName" jdbcType="VARCHAR"/>
    <result column="imageId" property="imageId" jdbcType="VARCHAR"/>
  </resultMap>
  <resultMap id="IncomeOutlayYearResultMap" type="com.i2shopping.i2work.operation.core.incomeexpenditure.model.IncomeExpenditure">
    <result column="incomeTime" property="incomeTime" jdbcType="VARCHAR"/>
    <result column="expenditure" property="expenditure" jdbcType="VARCHAR"/>
    <result column="expenditure_income" property="expenditureIncome" jdbcType="VARCHAR"/>
  </resultMap>
  <select id="selectByIncomeExpenditure" resultMap="BaseResultMap" parameterType="java.util.Map">select eie.*,tei.employee_name as employeeName from tbl_employee_income_expenditure eie, tbl_employee_info tei, tbl_department_info dept, tbl_project_info tpi where eie.employee_id = tei.EMPLOYEE_ID and tei.DEPARTMENT_ID = dept.DEPARTMENT_ID and eie.contant_no = tpi.contract_no
    <if test="compayId != null and compayId != ''">and tei.BEYOND_COMPANY = #{compayId:VARCHAR}</if>  
    <if test="departmentId != null and departmentId != ''">and dept.DEPARTMENT_ID = #{departmentId:VARCHAR}</if>  
    <if test="contrantNo != null and contrantNo != ''">and tpi.contract_no = #{contrantNo:VARCHAR}</if>  
    <if test="employeeName != null and employeeName != ''">and tei.employee_name = #{employeeName:VARCHAR}</if> 
  </select>
  <!-- 查询 今天是否已经执行 -->
  <select id="selectByIncomeExpenditureByEmpoyeeId" resultMap="BaseResultMap2" parameterType="com.i2shopping.i2work.operation.core.incomeexpenditure.model.IncomeExpenditure">select * from tbl_employee_income_expenditure eie 
    <trim prefix="where"> 
      <if test="employeeId != null">and eie.employee_id = #{employeeId:VARCHAR}</if>  
      <if test="incomeTime != null">and eie.income_time = #{incomeTime:VARCHAR}</if>  
      <if test="contantNo != null">and eie.contant_no = #{contantNo:VARCHAR}</if> 
    </trim> 
  </select>
  <select id="selectByIncomeExpenditureCount" resultType="java.lang.Integer" parameterType="java.util.Map">select count(1) from tbl_employee_income_expenditure eie , tbl_employee_info tei, tbl_department_info dept, tbl_project_info tpi where eie.employee_id = tei.EMPLOYEE_ID and tei.DEPARTMENT_ID = dept.DEPARTMENT_ID and eie.contant_no = tpi.contract_no
    <if test="compayId != null">and tei.BEYOND_COMPANY = #{compayId:VARCHAR}</if>  
    <if test="departmentId != null">and dept.DEPARTMENT_ID = #{departmentId:VARCHAR}</if>  
    <if test="contrantNo != null">and tpi.contract_no = #{contrantNo:VARCHAR}</if>  
    <if test="employeeName != null and employeeName != ''">and tei.employee_name = #{employeeName:VARCHAR}</if> 
  </select>
  <insert id="insertSelective" parameterType="com.i2shopping.i2work.operation.core.incomeexpenditure.model.IncomeExpenditure"> 
    <!--
          WARNING - This element is automatically generated by Apache iBATIS ibator, do not modify.
          This element was generated on Wed Jul 08 17:48:50 CST 2015.
        --> insert into tbl_employee_income_expenditure 
    <trim prefix="("> 
      <if test="incomeExpenditureId != null">income_expenditure_id ,</if>  
      <if test="employeeId != null">employee_id ,</if>  
      <if test="incomeTime != null">income_time ,</if>  
      <if test="expenditure != null">expenditure ,</if>  
      <if test="expenditureIncome != null">expenditure_income ,</if>  
      <if test="grossMargin != null">gross_margin ,</if>  
      <if test="grossMarginMoney != null">gross_margin_money ,</if>  
      <if test="contantNo != null">contant_no ,</if>  
      <if test="remark1 != null">remark1 ,</if>  
      <if test="remark2 != null">remark2 ,</if>  
      <if test="remark3 != null">remark3 ,</if> )
    </trim> values 
    <trim prefix="("> 
      <if test="incomeExpenditureId != null">#{incomeExpenditureId:VARCHAR} ,</if>  
      <if test="employeeId != null">#{employeeId:VARCHAR} ,</if>  
      <if test="incomeTime != null">#{incomeTime:VARCHAR} ,</if>  
      <if test="expenditure != null">#{expenditure:TIMESTAMP} ,</if>  
      <if test="expenditureIncome != null">#{expenditureIncome:INTEGER} ,</if>  
      <if test="grossMargin != null">#{grossMargin:CHAR} ,</if>  
      <if test="grossMarginMoney != null">#{grossMarginMoney:VARCHAR} ,</if>  
      <if test="contantNo != null">#{contantNo:VARCHAR} ,</if>  
      <if test="remark1 != null">#{remark1:VARCHAR} ,</if>  
      <if test="remark2 != null">#{remark2:VARCHAR} ,</if>  
      <if test="remark3 != null">#{remark3:VARCHAR} ,</if> )
    </trim> 
  </insert>
  <update id="updateByPrimaryKeySelective" parameterType="com.i2shopping.i2work.operation.core.incomeexpenditure.model.IncomeExpenditure"> 
    <!--
          WARNING - This element is automatically generated by Apache iBATIS ibator, do not modify.
          This element was generated on Wed Jul 08 17:48:50 CST 2015.
        --> update tbl_employee_income_expenditure 
    <trim prefix="set"> 
      <if test="employeeId != null">employee_id = #{employeeId:VARCHAR} ,</if>  
      <if test="incomeTime != null">income_time = #{incomeTime:VARCHAR} ,</if>  
      <if test="expenditure != null">expenditure = #{expenditure:VARCHAR} ,</if>  
      <if test="expenditureIncome != null">expenditure_income = #{expenditureIncome:VARCHAR} ,</if>  
      <if test="grossMargin != null">gross_margin = #{grossMargin:VARCHAR} ,</if>  
      <if test="grossMarginMoney != null">gross_margin_money = #{grossMarginMoney:VARCHAR} ,</if>  
      <if test="contantNo != null">contant_no = #{contantNo:VARCHAR} ,</if>  
      <if test="remark1 != null">remark1 = #{remark1:VARCHAR} ,</if>  
      <if test="remark2 != null">remark2 = #{remark2:VARCHAR} ,</if>  
      <if test="remark3 != null">remark3 = #{remark3:VARCHAR} ,</if> 
    </trim> where employee_id = #{employeeId:VARCHAR}
  </update>
  <select id="queryListByOrder" resultMap="IncomeOutlayResultMap" parameterType="java.util.Map">select eie.*,tei.employee_name as employeeName, dept.department_Name as departmentName, tpi.short_project_name as projectName, eg.grade_name as gradeName, tei.image_Id as imageId from tbl_employee_income_expenditure eie, tbl_employee_info tei, tbl_department_info dept, tbl_project_info tpi, tbl_employee_grade eg where eie.employee_id = tei.EMPLOYEE_ID and tei.DEPARTMENT_ID = dept.DEPARTMENT_ID and eie.contant_no = tpi.contract_no and tei.EMPLOYEE_DUTY = eg.GRADE_ID
    <if test="companyId != null and companyId != ''">and tei.BEYOND_COMPANY = #{companyId:VARCHAR}</if>  
    <if test="employeeId != null and employeeId != ''">and eie.employee_id = #{employeeId:VARCHAR}</if>  
    <if test="departmentId != null and departmentId != ''">and dept.DEPARTMENT_ID = #{departmentId:VARCHAR}</if>  
    <if test="contrantNo != null and contrantNo != ''">and tpi.contract_no = #{contrantNo:VARCHAR}</if>  
    <if test="employeeName != null and employeeName != ''">and tei.employee_name = #{employeeName:VARCHAR}</if>  
    <if test="incomeTime != null and incomeTime != ''">and eie.income_time = #{incomeTime:VARCHAR}</if>  
    <if prepend="order by " test="type!= null and type == 'gross_margin_money'.toString()">gross_margin_money</if>  
    <if prepend="order by " test="type!= null and type == 'income_time'.toString()">income_time</if>  
    <if prepend="order by " test="type!= null and type == 'gross_margin'.toString()">gross_margin</if>  
    <if prepend=" " test="orderType!= null and orderType == 'asc'.toString()">ASC</if>  
    <if prepend=" " test="orderType!= null and orderType == 'desc'.toString()">DESC</if> 
  </select>
  <select id="selectByEmpId" resultType="java.util.HashMap" parameterType="java.util.Map">SELECT sum(expenditure) as expenditure, sum(expenditure_income) as expenditureIncome from tbl_employee_income_expenditure
    <trim prefix="where"> 
      <if prepend="and" test="incomeTimeType!= null and incomeTimeType == 'year'.toString()">and SUBSTR(income_time,1,4) = #{incomeTime:VARCHAR}</if>  
      <if prepend="and" test="incomeTimeType!= null and incomeTimeType == 'month'.toString()">and SUBSTR(income_time,1,7) = #{incomeTime:VARCHAR}</if>  
      <if test="employeeId != null and employeeId != ''">and employee_id = #{employeeId:VARCHAR}</if> 
    </trim> 
  </select>
  <select id="queryMonthData" resultMap="BaseResultMap" parameterType="java.util.Map">select eie.*,tei.employee_name as employeeName from tbl_employee_income_expenditure eie, tbl_employee_info tei, tbl_department_info dept, tbl_project_info tpi where eie.employee_id = tei.EMPLOYEE_ID and tei.DEPARTMENT_ID = dept.DEPARTMENT_ID and eie.contant_no = tpi.contract_no
    <if test="employeeId != null and employeeId != ''">and eie.employee_id = #{employeeId:VARCHAR}</if>  
    <if test="incomeTime != null and incomeTime != ''">and SUBSTR(eie.income_time,1,7) = #{incomeTime:VARCHAR}</if> ORDER BY eie.income_time
  </select>
  <select id="queryYearData" resultMap="IncomeOutlayYearResultMap" parameterType="java.util.Map">SELECT SUBSTR(income_time,1,7) as incomeTime, sum(expenditure) as expenditure, sum(expenditure_income) as expenditure_income from tbl_employee_income_expenditure WHERE employee_id = #{employeeId:VARCHAR} ANd SUBSTR(income_time,1,4) = #{year:VARCHAR} GROUP BY SUBSTR(income_time,1,7) ORDER BY incomeTime</select>
  <select id="queryYearsData" resultMap="IncomeOutlayYearResultMap" parameterType="java.util.Map">SELECT SUBSTR(income_time,1,4) as incomeTime, sum(expenditure) as expenditure, sum(expenditure_income) as expenditure_income from tbl_employee_income_expenditure WHERE employee_id = #{employeeId:VARCHAR}
    <if test="beginYear != null and beginYear != ''">and SUBSTR(income_time,1,4) &gt;= #{beginYear:VARCHAR}</if>  
    <if test="endYear != null and endYear != ''">and SUBSTR(income_time,1,4) &lt; #{endYear:VARCHAR}</if> GROUP BY SUBSTR(income_time,1,4) ORDER BY incomeTime
  </select>
</mapper>
