<?xml version="1.0" encoding="UTF-8"?>
<!DOCTYPE mapper PUBLIC "-//mybatis.org//DTD Mapper 3.0//EN" "http://mybatis.org/dtd/mybatis-3-mapper.dtd">

<mapper namespace="tbl_labour_verify">
  <resultMap id="BaseResultMap" type="com.i2shopping.i2work.operation.core.approve.model.LabourVerify">
    <!--
      WARNING - This element is automatically generated by Apache iBATIS ibator, do not modify.
      This element was generated on Tue Jun 23 17:28:57 CST 2015.
    -->
    <result column="RECORD_ID" property="recordId" jdbcType="VARCHAR"/>
    <result column="EMPLOYEE_ID" property="employeeId" jdbcType="VARCHAR"/>
    <result column="VERIFY_TIME" property="verifyTime" jdbcType="DATE"/>
    <result column="TOTAL_POINT" property="totalPoint" jdbcType="DECIMAL"/>
    <result column="BUSY_GRADE" property="busyGrade" jdbcType="DECIMAL"/>
    <result column="DAY_COMPLETE_SCORE" property="dayCompleteScore" jdbcType="DECIMAL"/>
    <result column="DAY_QUALITY_SCORE" property="dayQualityScore" jdbcType="DECIMAL"/>
    <result column="VERIFY_ID" property="verifyId" jdbcType="VARCHAR"/>
    <result column="REMARK" property="remark" jdbcType="VARCHAR"/>
    <result column="CREATE_TIME" property="createTime" jdbcType="TIMESTAMP"/>
    <result column="MODIFIED_TIME" property="modifiedTime" jdbcType="TIMESTAMP"/>
    <result property="unresolverBugCount" column="UNRESOLVER_BUG_COUNT" jdbcType="INTEGER"/>
  </resultMap>
  <sql id="Criteria_Where_Clause"> 
    <!--
      WARNING - This element is automatically generated by Apache iBATIS ibator, do not modify.
      This element was generated on Tue Jun 23 17:28:57 CST 2015.
    -->  
    <iterate property="oredCriteria" conjunction="or" prepend="where" removeFirstPrepend="iterate"> 
      <if test="oredCriteria[].valid!= null and oredCriteria[].valid == 'true'.toString()">( 
        <iterate prepend="and" property="oredCriteria[].criteriaWithoutValue" conjunction="and">$oredCriteria[].criteriaWithoutValue[]$</iterate>  
        <iterate prepend="and" property="oredCriteria[].criteriaWithSingleValue" conjunction="and">$oredCriteria[].criteriaWithSingleValue[].condition$ #{oredCriteria[].criteriaWithSingleValue[].value}</iterate>  
        <iterate prepend="and" property="oredCriteria[].criteriaWithListValue" conjunction="and">$oredCriteria[].criteriaWithListValue[].condition$
          <iterate property="oredCriteria[].criteriaWithListValue[].values" open="(" close=")" conjunction=",">#{oredCriteria[].criteriaWithListValue[].values[]}</iterate> 
        </iterate>  
        <iterate prepend="and" property="oredCriteria[].criteriaWithBetweenValue" conjunction="and">$oredCriteria[].criteriaWithBetweenValue[].condition$ #{oredCriteria[].criteriaWithBetweenValue[].values[0]} and #{oredCriteria[].criteriaWithBetweenValue[].values[1]}</iterate> )
      </if> 
    </iterate> 
  </sql>
  <select id="selectByCriteria" resultMap="BaseResultMap" parameterType="com.i2shopping.i2work.operation.core.approve.model.LabourVerifyCriteria"> 
    <!--
      WARNING - This element is automatically generated by Apache iBATIS ibator, do not modify.
      This element was generated on Tue Jun 23 17:28:57 CST 2015.
    --> select RECORD_ID, EMPLOYEE_ID, VERIFY_TIME, TOTAL_POINT, BUSY_GRADE, DAY_COMPLETE_SCORE, DAY_QUALITY_SCORE, VERIFY_ID, REMARK, CREATE_TIME, MODIFIED_TIME,UNRESOLVER_BUG_COUNT from tbl_labour_verify
    <if test="_parameter != null"> 
      <include refid="tbl_labour_verify.Criteria_Where_Clause"/>  
      <if test="orderByClause != null">order by ${orderByClause}</if> 
    </if> 
  </select>
  <select id="selectByPrimaryKey" resultMap="BaseResultMap" parameterType="com.i2shopping.i2work.operation.core.approve.model.LabourVerify"> 
    <!--
      WARNING - This element is automatically generated by Apache iBATIS ibator, do not modify.
      This element was generated on Tue Jun 23 17:28:57 CST 2015.
    --> select RECORD_ID, EMPLOYEE_ID, VERIFY_TIME, TOTAL_POINT, BUSY_GRADE, DAY_COMPLETE_SCORE, DAY_QUALITY_SCORE, VERIFY_ID, REMARK, CREATE_TIME, MODIFIED_TIME,UNRESOLVER_BUG_COUNT from tbl_labour_verify where RECORD_ID = #{recordId:VARCHAR}
  </select>
  <select id="selectLabourByKeys" resultMap="BaseResultMap" parameterType="com.i2shopping.i2work.operation.core.approve.model.LabourVerify">select * from tbl_labour_verify where EMPLOYEE_ID =#{employeeId:VARCHAR} and VERIFY_TIME =#{verifyTime:DATE}</select>
  <delete id="deleteByPrimaryKey" parameterType="com.i2shopping.i2work.operation.core.approve.model.LabourVerify"> 
    <!--
      WARNING - This element is automatically generated by Apache iBATIS ibator, do not modify.
      This element was generated on Tue Jun 23 17:28:57 CST 2015.
    --> delete from tbl_labour_verify where RECORD_ID = #{recordId:VARCHAR}
  </delete>
  <delete id="deleteByCriteria" parameterType="com.i2shopping.i2work.operation.core.approve.model.LabourVerifyCriteria"> 
    <!--
      WARNING - This element is automatically generated by Apache iBATIS ibator, do not modify.
      This element was generated on Tue Jun 23 17:28:57 CST 2015.
    --> delete from tbl_labour_verify 
    <include refid="tbl_labour_verify.Criteria_Where_Clause"/> 
  </delete>
  <insert id="insert" parameterType="com.i2shopping.i2work.operation.core.approve.model.LabourVerify"> 
    <!--
      WARNING - This element is automatically generated by Apache iBATIS ibator, do not modify.
      This element was generated on Tue Jun 23 17:28:57 CST 2015.
    --> insert into tbl_labour_verify (RECORD_ID, EMPLOYEE_ID, VERIFY_TIME, TOTAL_POINT, BUSY_GRADE, DAY_COMPLETE_SCORE, DAY_QUALITY_SCORE, VERIFY_ID, REMARK, CREATE_TIME, MODIFIED_TIME,UNRESOLVER_BUG_COUNT) values (#{recordId:VARCHAR}, #{employeeId:VARCHAR}, #{verifyTime:DATE}, #{totalPoint:DECIMAL}, #{busyGrade:DECIMAL}, #{dayCompleteScore:DECIMAL}, #{dayQualityScore:DECIMAL}, #{verifyId:VARCHAR}, #{remark:VARCHAR}, #{createTime:TIMESTAMP}, #{modifiedTime:TIMESTAMP},#{unresolverBugCount:INTEGER})
  </insert>
  <insert id="insertSelective" parameterType="com.i2shopping.i2work.operation.core.approve.model.LabourVerify"> 
    <!--
      WARNING - This element is automatically generated by Apache iBATIS ibator, do not modify.
      This element was generated on Tue Jun 23 17:28:57 CST 2015.
    --> insert into tbl_labour_verify 
    <trim prefix="("> 
      <if test="recordId != null">RECORD_ID ,</if>  
      <if test="employeeId != null">EMPLOYEE_ID ,</if>  
      <if test="verifyTime != null">VERIFY_TIME ,</if>  
      <if test="totalPoint != null">TOTAL_POINT ,</if>  
      <if test="busyGrade != null">BUSY_GRADE ,</if>  
      <if test="dayCompleteScore != null">DAY_COMPLETE_SCORE ,</if>  
      <if test="dayQualityScore != null">DAY_QUALITY_SCORE ,</if>  
      <if test="verifyId != null">VERIFY_ID ,</if>  
      <if test="remark != null">REMARK ,</if>  
      <if test="createTime != null">CREATE_TIME ,</if>  
      <if test="modifiedTime != null">MODIFIED_TIME ,</if>  
      <if test="unresolverBugCount != null">UNRESOLVER_BUG_COUNT ,</if> )
    </trim> values 
    <trim prefix="("> 
      <if test="recordId != null">#{recordId:VARCHAR} ,</if>  
      <if test="employeeId != null">#{employeeId:VARCHAR} ,</if>  
      <if test="verifyTime != null">#{verifyTime:DATE} ,</if>  
      <if test="totalPoint != null">#{totalPoint:DECIMAL} ,</if>  
      <if test="busyGrade != null">#{busyGrade:DECIMAL} ,</if>  
      <if test="dayCompleteScore != null">#{dayCompleteScore:DECIMAL} ,</if>  
      <if test="dayQualityScore != null">#{dayQualityScore:DECIMAL} ,</if>  
      <if test="verifyId != null">#{verifyId:VARCHAR} ,</if>  
      <if test="remark != null">#{remark:VARCHAR} ,</if>  
      <if test="createTime != null">#{createTime:TIMESTAMP} ,</if>  
      <if test="modifiedTime != null">#{modifiedTime:TIMESTAMP} ,</if>  
      <if test="unresolverBugCount != null">#{UNRESOLVER_BUG_COUNT:INTEGER} ,</if> )
    </trim> 
  </insert>
  <select id="countByCriteria" parameterType="com.i2shopping.i2work.operation.core.approve.model.LabourVerifyCriteria" resultType="java.lang.Integer"> 
    <!--
      WARNING - This element is automatically generated by Apache iBATIS ibator, do not modify.
      This element was generated on Tue Jun 23 17:28:57 CST 2015.
    --> select count(*) from tbl_labour_verify 
    <include refid="tbl_labour_verify.Criteria_Where_Clause"/> 
  </select>
  <update id="updateByCriteriaSelective"> 
    <!--
      WARNING - This element is automatically generated by Apache iBATIS ibator, do not modify.
      This element was generated on Tue Jun 23 17:28:57 CST 2015.
    --> update tbl_labour_verify 
    <trim prefix="set"> 
      <if test="record.recordId != null">RECORD_ID = #{record.recordId:VARCHAR} ,</if>  
      <if test="record.employeeId != null">EMPLOYEE_ID = #{record.employeeId:VARCHAR} ,</if>  
      <if test="record.verifyTime != null">VERIFY_TIME = #{record.verifyTime:DATE} ,</if>  
      <if test="record.totalPoint != null">TOTAL_POINT = #{record.totalPoint:DECIMAL} ,</if>  
      <if test="record.busyGrade != null">BUSY_GRADE = #{record.busyGrade:DECIMAL} ,</if>  
      <if test="record.dayCompleteScore != null">DAY_COMPLETE_SCORE = #{record.dayCompleteScore:DECIMAL} ,</if>  
      <if test="record.dayQualityScore != null">DAY_QUALITY_SCORE = #{record.dayQualityScore:DECIMAL} ,</if>  
      <if test="record.verifyId != null">VERIFY_ID = #{record.verifyId:VARCHAR} ,</if>  
      <if test="record.remark != null">REMARK = #{record.remark:VARCHAR} ,</if>  
      <if test="record.createTime != null">CREATE_TIME = #{record.createTime:TIMESTAMP} ,</if>  
      <if test="record.modifiedTime != null">MODIFIED_TIME = #{record.modifiedTime:TIMESTAMP} ,</if>  
      <if test="record.unresolverBugCount != null">UNRESOLVER_BUG_COUNT = #{record.unresolverBugCount:INTEGER} ,</if> 
    </trim>  
    <if test="_parameter != null"> 
      <include refid="tbl_labour_verify.Criteria_Where_Clause"/> 
    </if> 
  </update>
  <update id="updateByCriteria"> 
    <!--
      WARNING - This element is automatically generated by Apache iBATIS ibator, do not modify.
      This element was generated on Tue Jun 23 17:28:57 CST 2015.
    --> update tbl_labour_verify set RECORD_ID = #{record.recordId:VARCHAR}, EMPLOYEE_ID = #{record.employeeId:VARCHAR}, VERIFY_TIME = #{record.verifyTime:DATE}, TOTAL_POINT = #{record.totalPoint:DECIMAL}, BUSY_GRADE = #{record.busyGrade:DECIMAL}, DAY_COMPLETE_SCORE = #{record.dayCompleteScore:DECIMAL}, DAY_QUALITY_SCORE = #{record.dayQualityScore:DECIMAL}, VERIFY_ID = #{record.verifyId:VARCHAR}, REMARK = #{record.remark:VARCHAR}, CREATE_TIME = #{record.createTime:TIMESTAMP}, MODIFIED_TIME = #{record.modifiedTime:TIMESTAMP}, UNRESOLVER_BUG_COUNT = #{record.unresolverBugCount:INTEGER}
    <if test="_parameter != null"> 
      <include refid="tbl_labour_verify.Criteria_Where_Clause"/> 
    </if> 
  </update>
  <update id="updateByPrimaryKeySelective" parameterType="com.i2shopping.i2work.operation.core.approve.model.LabourVerify"> 
    <!--
      WARNING - This element is automatically generated by Apache iBATIS ibator, do not modify.
      This element was generated on Tue Jun 23 17:28:57 CST 2015.
    --> update tbl_labour_verify 
    <trim prefix="set"> 
      <if test="employeeId != null">EMPLOYEE_ID = #{employeeId:VARCHAR} ,</if>  
      <if test="verifyTime != null">VERIFY_TIME = #{verifyTime:DATE} ,</if>  
      <if test="totalPoint != null">TOTAL_POINT = #{totalPoint:DECIMAL} ,</if>  
      <if test="busyGrade != null">BUSY_GRADE = #{busyGrade:DECIMAL} ,</if>  
      <if test="dayCompleteScore != null">DAY_COMPLETE_SCORE = #{dayCompleteScore:DECIMAL} ,</if>  
      <if test="dayQualityScore != null">DAY_QUALITY_SCORE = #{dayQualityScore:DECIMAL} ,</if>  
      <if test="verifyId != null">VERIFY_ID = #{verifyId:VARCHAR} ,</if>  
      <if test="remark != null">REMARK = #{remark:VARCHAR} ,</if>  
      <if test="createTime != null">CREATE_TIME = #{createTime:TIMESTAMP} ,</if>  
      <if test="modifiedTime != null">MODIFIED_TIME = #{modifiedTime:TIMESTAMP} ,</if>  
      <if test="unresolverBugCount != null">UNRESOLVER_BUG_COUNT = #{unresolverBugCount:INTEGER} ,</if> 
    </trim> where RECORD_ID = #{recordId:VARCHAR}
  </update>
  <update id="updateByPrimaryKey" parameterType="com.i2shopping.i2work.operation.core.approve.model.LabourVerify"> 
    <!--
      WARNING - This element is automatically generated by Apache iBATIS ibator, do not modify.
      This element was generated on Tue Jun 23 17:28:57 CST 2015.
    --> update tbl_labour_verify set EMPLOYEE_ID = #{employeeId:VARCHAR}, VERIFY_TIME = #{verifyTime:DATE}, TOTAL_POINT = #{totalPoint:DECIMAL}, BUSY_GRADE = #{busyGrade:DECIMAL}, DAY_COMPLETE_SCORE = #{dayCompleteScore:DECIMAL}, DAY_QUALITY_SCORE = #{dayQualityScore:DECIMAL}, VERIFY_ID = #{verifyId:VARCHAR}, REMARK = #{remark:VARCHAR}, CREATE_TIME = #{createTime:TIMESTAMP}, MODIFIED_TIME = #{modifiedTime:TIMESTAMP}, UNRESOLVER_BUG_COUNT = #{unresolverBugCount:INTEGER} where RECORD_ID = #{recordId:VARCHAR}
  </update>
  <select id="selectLaborVerifyByEmployeeId" resultMap="BaseResultMap" parameterType="com.i2shopping.i2work.operation.core.approve.model.LabourVerify">SELECT * FROM tbl_labour_verify WHERE EMPLOYEE_ID=#{employeeId:VARCHAR} AND date_format(VERIFY_TIME,'%Y-%m-%d') = date_format(sysdate(),'%Y-%m-%d')</select>
  <select id="selectLastLaborVerifyByEmployeeId" resultMap="BaseResultMap" parameterType="com.i2shopping.i2work.operation.core.approve.model.LabourVerify">SELECT * FROM tbl_labour_verify WHERE EMPLOYEE_ID=#{employeeId:VARCHAR}<![CDATA[
      		and date_format(VERIFY_TIME,'%Y-%m-%d') >= date_format(date_sub(curdate(),interval 1 day),'%Y-%m-%d')
    		and date_format(VERIFY_TIME,'%Y-%m-%d') <= date_format(sysdate(),'%Y-%m-%d')
      		]]> </select>
</mapper>
