<?xml version="1.0" encoding="UTF-8"?>
<!DOCTYPE mapper PUBLIC "-//mybatis.org//DTD Mapper 3.0//EN" "http://mybatis.org/dtd/mybatis-3-mapper.dtd">

<mapper namespace="tbl_respond_image">
  <resultMap id="BaseResultMap" type="com.i2shopping.i2work.operation.core.respond.model.RespondImage">
    <!--
      WARNING - This element is automatically generated by Apache iBATIS ibator, do not modify.
      This element was generated on Wed Jun 24 21:28:02 CST 2015.
    -->
    <result column="IMG_ID" property="imgId" jdbcType="VARCHAR"/>
    <result column="ORIGINAL_ID" property="originalId" jdbcType="VARCHAR"/>
    <result column="SEQ_NUM" property="seqNum" jdbcType="INTEGER"/>
  </resultMap>
  <resultMap id="ResultMapExt" extends="BaseResultMap" type="com.i2shopping.i2work.operation.core.respond.model.RespondImage">
    <association property="image" select="tbl_image.selectByImgId" column="IMG_ID"/>
  </resultMap>
  <sql id="Criteria_Where_Clause"> 
    <!--
      WARNING - This element is automatically generated by Apache iBATIS ibator, do not modify.
      This element was generated on Wed Jun 24 21:28:02 CST 2015.
    -->  
    <iterate property="oredCriteria" conjunction="or" prepend="where" removeFirstPrepend="iterate"> 
      <if test="oredCriteria[].valid!= null and oredCriteria[].valid == 'true'.toString()">( 
        <iterate prepend="and" property="oredCriteria[].criteriaWithoutValue" conjunction="and">$oredCriteria[].criteriaWithoutValue[]$</iterate>  
        <iterate prepend="and" property="oredCriteria[].criteriaWithSingleValue" conjunction="and">$oredCriteria[].criteriaWithSingleValue[].condition$ #{oredCriteria[].criteriaWithSingleValue[].value}</iterate>  
        <iterate prepend="and" property="oredCriteria[].criteriaWithListValue" conjunction="and">$oredCriteria[].criteriaWithListValue[].condition$
          <iterate property="oredCriteria[].criteriaWithListValue[].values" open="(" close=")" conjunction=",">#{oredCriteria[].criteriaWithListValue[].values[]}</iterate> 
        </iterate>  
        <iterate prepend="and" property="oredCriteria[].criteriaWithBetweenValue" conjunction="and">$oredCriteria[].criteriaWithBetweenValue[].condition$ #{oredCriteria[].criteriaWithBetweenValue[].values[0]} and #{oredCriteria[].criteriaWithBetweenValue[].values[1]}</iterate> )
      </if> 
    </iterate> 
  </sql>
  <select id="selectByCriteria" resultMap="BaseResultMap" parameterType="com.i2shopping.i2work.operation.core.respond.model.RespondImageCriteria"> 
    <!--
      WARNING - This element is automatically generated by Apache iBATIS ibator, do not modify.
      This element was generated on Wed Jun 24 21:28:02 CST 2015.
    --> select IMG_ID, ORIGINAL_ID, SEQ_NUM from tbl_respond_image
    <if test="_parameter != null"> 
      <include refid="tbl_respond_image.Criteria_Where_Clause"/>  
      <if test="orderByClause != null">order by ${orderByClause}</if> 
    </if> 
  </select>
  <select id="selectByPrimaryKey" resultMap="BaseResultMap" parameterType="com.i2shopping.i2work.operation.core.respond.model.RespondImageKey"> 
    <!--
      WARNING - This element is automatically generated by Apache iBATIS ibator, do not modify.
      This element was generated on Wed Jun 24 21:28:02 CST 2015.
    --> select IMG_ID, ORIGINAL_ID, SEQ_NUM from tbl_respond_image where IMG_ID = #{imgId:VARCHAR} and ORIGINAL_ID = #{originalId:VARCHAR}
  </select>
  <delete id="deleteByPrimaryKey" parameterType="com.i2shopping.i2work.operation.core.respond.model.RespondImageKey"> 
    <!--
      WARNING - This element is automatically generated by Apache iBATIS ibator, do not modify.
      This element was generated on Wed Jun 24 21:28:02 CST 2015.
    --> delete from tbl_respond_image where IMG_ID = #{imgId:VARCHAR} and ORIGINAL_ID = #{originalId:VARCHAR}
  </delete>
  <delete id="deleteByCriteria" parameterType="com.i2shopping.i2work.operation.core.respond.model.RespondImageCriteria"> 
    <!--
      WARNING - This element is automatically generated by Apache iBATIS ibator, do not modify.
      This element was generated on Wed Jun 24 21:28:02 CST 2015.
    --> delete from tbl_respond_image 
    <include refid="tbl_respond_image.Criteria_Where_Clause"/> 
  </delete>
  <insert id="insert" parameterType="com.i2shopping.i2work.operation.core.respond.model.RespondImage"> 
    <!--
      WARNING - This element is automatically generated by Apache iBATIS ibator, do not modify.
      This element was generated on Wed Jun 24 21:28:02 CST 2015.
    --> insert into tbl_respond_image (IMG_ID, ORIGINAL_ID, SEQ_NUM) values (#{imgId:VARCHAR}, #{originalId:VARCHAR}, #{seqNum:INTEGER})
  </insert>
  <insert id="insertSelective" parameterType="com.i2shopping.i2work.operation.core.respond.model.RespondImage"> 
    <!--
      WARNING - This element is automatically generated by Apache iBATIS ibator, do not modify.
      This element was generated on Wed Jun 24 21:28:02 CST 2015.
    --> insert into tbl_respond_image 
    <trim prefix="("> 
      <if test="imgId != null">IMG_ID ,</if>  
      <if test="originalId != null">ORIGINAL_ID ,</if>  
      <if test="seqNum != null">SEQ_NUM ,</if> )
    </trim> values 
    <trim prefix="("> 
      <if test="imgId != null">#{imgId:VARCHAR} ,</if>  
      <if test="originalId != null">#{originalId:VARCHAR} ,</if>  
      <if test="seqNum != null">#{seqNum:INTEGER} ,</if> )
    </trim> 
  </insert>
  <select id="countByCriteria" parameterType="com.i2shopping.i2work.operation.core.respond.model.RespondImageCriteria" resultType="java.lang.Integer"> 
    <!--
      WARNING - This element is automatically generated by Apache iBATIS ibator, do not modify.
      This element was generated on Wed Jun 24 21:28:02 CST 2015.
    --> select count(*) from tbl_respond_image 
    <include refid="tbl_respond_image.Criteria_Where_Clause"/> 
  </select>
  <update id="updateByCriteriaSelective"> 
    <!--
      WARNING - This element is automatically generated by Apache iBATIS ibator, do not modify.
      This element was generated on Wed Jun 24 21:28:02 CST 2015.
    --> update tbl_respond_image 
    <trim prefix="set"> 
      <if test="record.imgId != null">IMG_ID = #{record.imgId:VARCHAR} ,</if>  
      <if test="record.originalId != null">ORIGINAL_ID = #{record.originalId:VARCHAR} ,</if>  
      <if test="record.seqNum != null">SEQ_NUM = #{record.seqNum:INTEGER} ,</if> 
    </trim>  
    <if test="_parameter != null"> 
      <include refid="tbl_respond_image.Criteria_Where_Clause"/> 
    </if> 
  </update>
  <update id="updateByCriteria"> 
    <!--
      WARNING - This element is automatically generated by Apache iBATIS ibator, do not modify.
      This element was generated on Wed Jun 24 21:28:02 CST 2015.
    --> update tbl_respond_image set IMG_ID = #{record.imgId:VARCHAR}, ORIGINAL_ID = #{record.originalId:VARCHAR}, SEQ_NUM = #{record.seqNum:INTEGER}
    <if test="_parameter != null"> 
      <include refid="tbl_respond_image.Criteria_Where_Clause"/> 
    </if> 
  </update>
  <update id="updateByPrimaryKeySelective" parameterType="com.i2shopping.i2work.operation.core.respond.model.RespondImage"> 
    <!--
      WARNING - This element is automatically generated by Apache iBATIS ibator, do not modify.
      This element was generated on Wed Jun 24 21:28:02 CST 2015.
    --> update tbl_respond_image 
    <trim prefix="set"> 
      <if test="seqNum != null">SEQ_NUM = #{seqNum:INTEGER} ,</if> 
    </trim> where IMG_ID = #{imgId:VARCHAR} and ORIGINAL_ID = #{originalId:VARCHAR}
  </update>
  <update id="updateByPrimaryKey" parameterType="com.i2shopping.i2work.operation.core.respond.model.RespondImage"> 
    <!--
      WARNING - This element is automatically generated by Apache iBATIS ibator, do not modify.
      This element was generated on Wed Jun 24 21:28:02 CST 2015.
    --> update tbl_respond_image set SEQ_NUM = #{seqNum:INTEGER} where IMG_ID = #{imgId:VARCHAR} and ORIGINAL_ID = #{originalId:VARCHAR}
  </update>
  <select id="selectByOriginalId" parameterType="java.lang.String" resultMap="ResultMapExt">SELECT * FROM tbl_respond_image WHERE ORIGINAL_ID = #{value:VARCHAR} ORDER BY SEQ_NUM</select>
  <delete id="deleteByOriginalByID" parameterType="com.i2shopping.i2work.operation.core.respond.model.RespondImage">delete from tbl_respond_image where ORIGINAL_ID = #{originalId:VARCHAR}</delete>
</mapper>
