<?xml version="1.0" encoding="UTF-8"?>
<!DOCTYPE mapper PUBLIC "-//mybatis.org//DTD Mapper 3.0//EN" "http://mybatis.org/dtd/mybatis-3-mapper.dtd">

<mapper namespace="tbl_holiday_data">
  <resultMap id="BaseResultMap" type="com.i2shopping.i2work.operation.core.sign.model.HolidayData">
    <!--
          WARNING - This element is automatically generated by Apache iBATIS ibator, do not modify.
          This element was generated on Mon Sep 28 22:26:49 CST 2015.
        -->
    <result column="hDate" property="hdate" jdbcType="VARCHAR"/>
    <result column="hType" property="htype" jdbcType="CHAR"/>
  </resultMap>
  <sql id="Criteria_Where_Clause"> 
    <!--
          WARNING - This element is automatically generated by Apache iBATIS ibator, do not modify.
          This element was generated on Mon Sep 28 22:26:49 CST 2015.
        -->  
    <iterate property="oredCriteria" conjunction="or" prepend="where" removeFirstPrepend="iterate"> 
      <if test="oredCriteria[].valid!= null and oredCriteria[].valid == 'true'.toString()">( 
        <iterate prepend="and" property="oredCriteria[].criteriaWithoutValue" conjunction="and">$oredCriteria[].criteriaWithoutValue[]$</iterate>  
        <iterate prepend="and" property="oredCriteria[].criteriaWithSingleValue" conjunction="and">$oredCriteria[].criteriaWithSingleValue[].condition$ #{oredCriteria[].criteriaWithSingleValue[].value}</iterate>  
        <iterate prepend="and" property="oredCriteria[].criteriaWithListValue" conjunction="and">$oredCriteria[].criteriaWithListValue[].condition$
          <iterate property="oredCriteria[].criteriaWithListValue[].values" open="(" close=")" conjunction=",">#{oredCriteria[].criteriaWithListValue[].values[]}</iterate> 
        </iterate>  
        <iterate prepend="and" property="oredCriteria[].criteriaWithBetweenValue" conjunction="and">$oredCriteria[].criteriaWithBetweenValue[].condition$ #{oredCriteria[].criteriaWithBetweenValue[].values[0]} and #{oredCriteria[].criteriaWithBetweenValue[].values[1]}</iterate> )
      </if> 
    </iterate> 
  </sql>
  <select id="selectByCriteria" resultMap="BaseResultMap" parameterType="com.i2shopping.i2work.operation.core.sign.model.HolidayDataCriteria"> 
    <!--
          WARNING - This element is automatically generated by Apache iBATIS ibator, do not modify.
          This element was generated on Mon Sep 28 22:26:49 CST 2015.
        --> select hDate, hType from tbl_holiday_data
    <if test="_parameter != null"> 
      <include refid="tbl_holiday_data.Criteria_Where_Clause"/>  
      <if test="orderByClause != null">order by ${orderByClause}</if> 
    </if> 
  </select>
  <select id="selectByPrimaryKey" resultMap="BaseResultMap" parameterType="com.i2shopping.i2work.operation.core.sign.model.HolidayData"> 
    <!--
          WARNING - This element is automatically generated by Apache iBATIS ibator, do not modify.
          This element was generated on Mon Sep 28 22:26:49 CST 2015.
        --> select hDate, hType from tbl_holiday_data where hDate = #{hdate:VARCHAR}
  </select>
  <delete id="deleteByPrimaryKey" parameterType="com.i2shopping.i2work.operation.core.sign.model.HolidayData"> 
    <!--
          WARNING - This element is automatically generated by Apache iBATIS ibator, do not modify.
          This element was generated on Mon Sep 28 22:26:49 CST 2015.
        --> delete from tbl_holiday_data where hDate = #{hdate:VARCHAR}
  </delete>
  <delete id="deleteByCriteria" parameterType="com.i2shopping.i2work.operation.core.sign.model.HolidayDataCriteria"> 
    <!--
          WARNING - This element is automatically generated by Apache iBATIS ibator, do not modify.
          This element was generated on Mon Sep 28 22:26:49 CST 2015.
        --> delete from tbl_holiday_data 
    <include refid="tbl_holiday_data.Criteria_Where_Clause"/> 
  </delete>
  <insert id="insert" parameterType="com.i2shopping.i2work.operation.core.sign.model.HolidayData"> 
    <!--
          WARNING - This element is automatically generated by Apache iBATIS ibator, do not modify.
          This element was generated on Mon Sep 28 22:26:49 CST 2015.
        --> insert into tbl_holiday_data (hDate, hType) values (#{hdate:VARCHAR}, #{htype:CHAR})
  </insert>
  <insert id="insertSelective" parameterType="com.i2shopping.i2work.operation.core.sign.model.HolidayData"> 
    <!--
          WARNING - This element is automatically generated by Apache iBATIS ibator, do not modify.
          This element was generated on Mon Sep 28 22:26:49 CST 2015.
        --> insert into tbl_holiday_data 
    <trim prefix="("> 
      <if test="hdate != null">hDate ,</if>  
      <if test="htype != null">hType ,</if> )
    </trim> values 
    <trim prefix="("> 
      <if test="hdate != null">#{hdate:VARCHAR} ,</if>  
      <if test="htype != null">#{htype:CHAR} ,</if> )
    </trim> 
  </insert>
  <select id="countByCriteria" parameterType="com.i2shopping.i2work.operation.core.sign.model.HolidayDataCriteria" resultType="java.lang.Integer"> 
    <!--
          WARNING - This element is automatically generated by Apache iBATIS ibator, do not modify.
          This element was generated on Mon Sep 28 22:26:49 CST 2015.
        --> select count(*) from tbl_holiday_data 
    <include refid="tbl_holiday_data.Criteria_Where_Clause"/> 
  </select>
  <update id="updateByCriteriaSelective"> 
    <!--
          WARNING - This element is automatically generated by Apache iBATIS ibator, do not modify.
          This element was generated on Mon Sep 28 22:26:49 CST 2015.
        --> update tbl_holiday_data 
    <trim prefix="set"> 
      <if test="record.hdate != null">hDate = #{record.hdate:VARCHAR} ,</if>  
      <if test="record.htype != null">hType = #{record.htype:CHAR} ,</if> 
    </trim>  
    <if test="_parameter != null"> 
      <include refid="tbl_holiday_data.Criteria_Where_Clause"/> 
    </if> 
  </update>
  <update id="updateByCriteria"> 
    <!--
          WARNING - This element is automatically generated by Apache iBATIS ibator, do not modify.
          This element was generated on Mon Sep 28 22:26:49 CST 2015.
        --> update tbl_holiday_data set hDate = #{record.hdate:VARCHAR}, hType = #{record.htype:CHAR}
    <if test="_parameter != null"> 
      <include refid="tbl_holiday_data.Criteria_Where_Clause"/> 
    </if> 
  </update>
  <update id="updateByPrimaryKeySelective" parameterType="com.i2shopping.i2work.operation.core.sign.model.HolidayData"> 
    <!--
          WARNING - This element is automatically generated by Apache iBATIS ibator, do not modify.
          This element was generated on Mon Sep 28 22:26:49 CST 2015.
        --> update tbl_holiday_data 
    <trim prefix="set"> 
      <if test="htype != null">hType = #{htype:CHAR} ,</if> 
    </trim> where hDate = #{hdate:VARCHAR}
  </update>
  <update id="updateByPrimaryKey" parameterType="com.i2shopping.i2work.operation.core.sign.model.HolidayData"> 
    <!--
          WARNING - This element is automatically generated by Apache iBATIS ibator, do not modify.
          This element was generated on Mon Sep 28 22:26:49 CST 2015.
        --> update tbl_holiday_data set hType = #{htype:CHAR} where hDate = #{hdate:VARCHAR}
  </update>
  <!--  -->
  <select id="getHolidayDataByStatEndExproExec" resultMap="BaseResultMap" parameterType="java.util.Map">select * from tbl_holiday_data hd where 1 = 1
    <if test="statData != null">and date_format(hd.hDate,'%Y-%m-%d')&gt;= #{statData:VARCHAR}</if>  
    <if test="endData != null">and date_format(hd.hDate,'%Y-%m-%d')&lt;= #{endData:VARCHAR}</if> 
  </select>
  <select id="getHolidayType" resultType="java.lang.String" parameterType="com.i2shopping.i2work.operation.core.sign.model.HolidayData">SELECT hType FROM tbl_holiday_data WHERE hDate=#{hdate:VARCHAR }</select>
  <select id="intervalCount" parameterType="com.i2shopping.i2work.operation.core.project.model.HoildayTwoDate" resultType="java.lang.Integer">SELECT count(hDate) from tbl_holiday_data WHERE hDate &gt;= #{date1:VARCHAR} and #{date2:VARCHAR}&gt;= hDate</select>
</mapper>
