<?xml version="1.0" encoding="UTF-8"?>
<!DOCTYPE mapper PUBLIC "-//mybatis.org//DTD Mapper 3.0//EN" "http://mybatis.org/dtd/mybatis-3-mapper.dtd">

<mapper namespace="tbl_labour_recorder">
  <resultMap id="BaseResultMap" type="com.i2shopping.i2work.operation.core.record.model.LabourRecorder">
    <!-- WARNING - This element is automatically generated by Apache iBATIS 
			ibator, do not modify. This element was generated on Tue May 07 18:01:06 
			CST 2013. -->
    <result column="CONTRACT_NO" property="contractNo" jdbcType="VARCHAR"/>
    <result column="EMPLOYEE_ID" property="employeeId" jdbcType="CHAR"/>
    <result column="LABOUR_DATE" property="labourDate" jdbcType="DATE"/>
    <result column="LABOUR_TYPE" property="labourType" jdbcType="CHAR"/>
    <result column="STANDARD_LABOUR" property="standardLabour" jdbcType="DECIMAL"/>
    <result column="PM_ID" property="pmId" jdbcType="CHAR"/>
    <result column="IS_ADDITIONAL" property="isAdditional" jdbcType="CHAR"/>
    <result column="INVALID_REASON" property="invalidReason" jdbcType="CHAR"/>
    <result column="IS_TRAVEL" property="isTravel" jdbcType="CHAR"/>
    <result column="RECORD_TIME" property="recordTime" jdbcType="DATE"/>
    <result column="REMARK" property="remark" jdbcType="VARCHAR"/>
    <result column="OVERTIME_LABOUR" property="overtimeLabour" jdbcType="DECIMAL"/>
    <result column="LABOUR_STATUS" property="labourStatus" jdbcType="VARCHAR"/>
    <association column="{contractNo=CONTRACT_NO}" property="projectInfo" select="tbl_project_info.selectByPrimaryKey"/>
    <association column="{employeeId=EMPLOYEE_ID}" property="employeeInfo" select="tbl_employee_info.selectByPrimaryKey"/>
  </resultMap>
  <resultMap id="SecondResultMap" type="com.i2shopping.i2work.operation.core.record.model.LabourRecorder">
    <result column="INVALID_REASON" property="invalidReason" jdbcType="CHAR"/>
    <!-- <result column="CONTRACT_NO" property="contractNo" jdbcType="VARCHAR" 
			/> <result column="EMPLOYEE_ID" property="employeeId" jdbcType="CHAR" /> 
			<result column="LABOUR_DATE" property="labourDate" jdbcType="DATE" /> <result 
			column="{contractNo=CONTRACT_NO}" property="projectInfo" select="tbl_project_info.selectByContractNo" 
			/> <result column="{employeeId=EMPLOYEE_ID}" property="employeeInfo" select="tbl_employee_info.selectByEmployeeId" 
			/> -->
  </resultMap>
  <sql id="Criteria_Where_Clause"> 
    <!-- WARNING - This element is automatically generated by Apache iBATIS 
			ibator, do not modify. This element was generated on Tue May 07 18:01:06 
			CST 2013. -->  
    <iterate property="oredCriteria" conjunction="or" prepend="where" removeFirstPrepend="iterate"> 
      <if test="oredCriteria[].valid!= null and oredCriteria[].valid == 'true'.toString()">( 
        <iterate prepend="and" property="oredCriteria[].criteriaWithoutValue" conjunction="and">$oredCriteria[].criteriaWithoutValue[]$</iterate>  
        <iterate prepend="and" property="oredCriteria[].criteriaWithSingleValue" conjunction="and">$oredCriteria[].criteriaWithSingleValue[].condition$ #{oredCriteria[].criteriaWithSingleValue[].value}</iterate>  
        <iterate prepend="and" property="oredCriteria[].criteriaWithListValue" conjunction="and">$oredCriteria[].criteriaWithListValue[].condition$
          <iterate property="oredCriteria[].criteriaWithListValue[].values" open="(" close=")" conjunction=",">#{oredCriteria[].criteriaWithListValue[].values[]}</iterate> 
        </iterate>  
        <iterate prepend="and" property="oredCriteria[].criteriaWithBetweenValue" conjunction="and">$oredCriteria[].criteriaWithBetweenValue[].condition$ #{oredCriteria[].criteriaWithBetweenValue[].values[0]} and #{oredCriteria[].criteriaWithBetweenValue[].values[1]}</iterate> )
      </if> 
    </iterate> 
  </sql>
  <select id="selectByCriteria" resultMap="BaseResultMap" parameterType="com.i2shopping.i2work.operation.core.record.model.LabourRecorderCriteria"> 
    <!-- WARNING - This element is automatically generated by Apache iBATIS 
			ibator, do not modify. This element was generated on Tue May 07 18:01:06 
			CST 2013. --> select CONTRACT_NO, EMPLOYEE_ID, LABOUR_DATE, LABOUR_TYPE, STANDARD_LABOUR, PM_ID, IS_ADDITIONAL, INVALID_REASON, IS_TRAVEL, RECORD_TIME, OVERTIME_LABOUR,REMARK,LABOUR_STATUS from tbl_labour_recorder
    <if test="_parameter != null"> 
      <include refid="tbl_labour_recorder.Criteria_Where_Clause"/>  
      <if test="orderByClause != null">order by ${orderByClause}</if> 
    </if> 
  </select>
  <select id="selectByPrimaryKey" resultMap="BaseResultMap" parameterType="com.i2shopping.i2work.operation.core.record.model.LabourRecorderKey"> 
    <!-- WARNING - This element is automatically generated by Apache iBATIS 
			ibator, do not modify. This element was generated on Tue May 07 18:01:06 
			CST 2013. --> select CONTRACT_NO, EMPLOYEE_ID, LABOUR_DATE, LABOUR_TYPE, STANDARD_LABOUR, PM_ID, IS_ADDITIONAL, INVALID_REASON, IS_TRAVEL, RECORD_TIME, OVERTIME_LABOUR,REMARK,LABOUR_STATUS from tbl_labour_recorder where 1=1
    <if test="contractNo != null">and CONTRACT_NO = #{contractNo:VARCHAR}</if>  
    <if test="employeeId != null">and EMPLOYEE_ID = #{employeeId:CHAR}</if>  
    <if test="labourDate != null">and LABOUR_DATE = date_format(#{labourDate:DATE },'%Y-%m-%d')</if> 
  </select>
  <select id="getLabourRecorderDistinctLabourDate" resultType="java.lang.String">select DISTINCT(LABOUR_DATE) from tbl_labour_recorder;</select>
  <delete id="deleteByPrimaryKey" parameterType="com.i2shopping.i2work.operation.core.record.model.LabourRecorderKey"> 
    <!-- WARNING - This element is automatically generated by Apache iBATIS 
			ibator, do not modify. This element was generated on Tue May 07 18:01:06 
			CST 2013. --> delete from tbl_labour_recorder where CONTRACT_NO = #{contractNo:VARCHAR} and EMPLOYEE_ID = #{employeeId:CHAR} and LABOUR_DATE = #{labourDate:DATE}
  </delete>
  <delete id="deleteByCriteria" parameterType="com.i2shopping.i2work.operation.core.record.model.LabourRecorderCriteria"> 
    <!-- WARNING - This element is automatically generated by Apache iBATIS 
			ibator, do not modify. This element was generated on Tue May 07 18:01:06 
			CST 2013. --> delete from tbl_labour_recorder 
    <include refid="tbl_labour_recorder.Criteria_Where_Clause"/> 
  </delete>
  <insert id="insert" parameterType="com.i2shopping.i2work.operation.core.record.model.LabourRecorder"> 
    <!-- WARNING - This element is automatically generated by Apache iBATIS 
			ibator, do not modify. This element was generated on Tue May 07 18:01:06 
			CST 2013. --> insert into tbl_labour_recorder (CONTRACT_NO, EMPLOYEE_ID, LABOUR_DATE, LABOUR_TYPE, STANDARD_LABOUR, PM_ID, IS_ADDITIONAL, INVALID_REASON, IS_TRAVEL, RECORD_TIME, OVERTIME_LABOUR,REMARK,LABOUR_STATUS) values (#{contractNo:VARCHAR}, #{employeeId:CHAR}, #{labourDate:DATE}, #{labourType:CHAR}, #{standardLabour:DECIMAL}, #{pmId:CHAR}, #{isAdditional:CHAR}, #{invalidReason:CHAR}, #{isTravel:CHAR}, #{recordTime:DATE}, #{overtimeLabour:DECIMAL},#{remark:VARCHAR},#{labourStatus:VARCHAR})
  </insert>
  <insert id="insertSelective" parameterType="com.i2shopping.i2work.operation.core.record.model.LabourRecorder"> 
    <!-- WARNING - This element is automatically generated by Apache iBATIS 
			ibator, do not modify. This element was generated on Tue May 07 18:01:06 
			CST 2013. --> insert into tbl_labour_recorder 
    <trim prefix="("> 
      <if test="contractNo != null">CONTRACT_NO ,</if>  
      <if test="employeeId != null">EMPLOYEE_ID ,</if>  
      <if test="labourDate != null">LABOUR_DATE ,</if>  
      <if test="labourType != null">LABOUR_TYPE ,</if>  
      <if test="standardLabour != null">STANDARD_LABOUR ,</if>  
      <if test="pmId != null">PM_ID ,</if>  
      <if test="isAdditional != null">IS_ADDITIONAL ,</if>  
      <if test="invalidReason != null">INVALID_REASON ,</if>  
      <if test="isTravel != null">IS_TRAVEL ,</if>  
      <if test="recordTime != null">RECORD_TIME ,</if>  
      <if test="overtimeLabour != null">OVERTIME_LABOUR ,</if>  
      <if test="remark != null">REMARK ,</if>  
      <if test="labourStatus != null">LABOUR_STATUS ,</if> )
    </trim> values 
    <trim prefix="("> 
      <if test="contractNo != null">#{contractNo:VARCHAR} ,</if>  
      <if test="employeeId != null">#{employeeId:CHAR} ,</if>  
      <if test="labourDate != null">#{labourDate:DATE} ,</if>  
      <if test="labourType != null">#{labourType:CHAR} ,</if>  
      <if test="standardLabour != null">#{standardLabour:DECIMAL} ,</if>  
      <if test="pmId != null">#{pmId:CHAR} ,</if>  
      <if test="isAdditional != null">#{isAdditional:CHAR} ,</if>  
      <if test="invalidReason != null">#{invalidReason:CHAR} ,</if>  
      <if test="isTravel != null">#{isTravel:CHAR} ,</if>  
      <if test="recordTime != null">#{recordTime:DATE} ,</if>  
      <if test="overtimeLabour != null">#{overtimeLabour:DECIMAL} ,</if>  
      <if test="remark != null">#{remark:VARCHAR} ,</if>  
      <if test="labourStatus != null">#{labourStatus:VARCHAR} ,</if> )
    </trim> 
  </insert>
  <select id="countByCriteria" parameterType="com.i2shopping.i2work.operation.core.record.model.LabourRecorderCriteria" resultType="java.lang.Integer"> 
    <!-- WARNING - This element is automatically generated by Apache iBATIS 
			ibator, do not modify. This element was generated on Tue May 07 18:01:06 
			CST 2013. --> select count(*) from tbl_labour_recorder 
    <include refid="tbl_labour_recorder.Criteria_Where_Clause"/> 
  </select>
  <update id="updateByCriteriaSelective"> 
    <!-- WARNING - This element is automatically generated by Apache iBATIS 
			ibator, do not modify. This element was generated on Tue May 07 18:01:06 
			CST 2013. --> update tbl_labour_recorder 
    <trim prefix="set"> 
      <if test="record.contractNo != null">CONTRACT_NO = #{record.contractNo:VARCHAR} ,</if>  
      <if test="record.employeeId != null">EMPLOYEE_ID = #{record.employeeId:CHAR} ,</if>  
      <if test="record.labourDate != null">LABOUR_DATE = #{record.labourDate:DATE} ,</if>  
      <if test="record.labourType != null">LABOUR_TYPE = #{record.labourType:CHAR} ,</if>  
      <if test="record.standardLabour != null">STANDARD_LABOUR = #{record.standardLabour:DECIMAL} ,</if>  
      <if test="record.pmId != null">PM_ID = #{record.pmId:CHAR} ,</if>  
      <if test="record.isAdditional != null">IS_ADDITIONAL = #{record.isAdditional:CHAR} ,</if>  
      <if test="record.invalidReason != null">INVALID_REASON = #{record.invalidReason:CHAR} ,</if>  
      <if test="record.isTravel != null">IS_TRAVEL = #{record.isTravel:CHAR} ,</if>  
      <if test="record.recordTime != null">RECORD_TIME = #{record.recordTime:DATE} ,</if>  
      <if test="record.overtimeLabour != null">OVERTIME_LABOUR = #{record.overtimeLabour:DECIMAL} ,</if>  
      <if test="record.remark != null">REMARK = #{record.remark:VARCHAR} ,</if>  
      <if test="record.labourStatus != null">LABOUR_STATUS = #{record.labourStatus:VARCHAR} ,</if> 
    </trim>  
    <if test="_parameter != null"> 
      <include refid="tbl_labour_recorder.Criteria_Where_Clause"/> 
    </if> 
  </update>
  <update id="updateByCriteria"> 
    <!-- WARNING - This element is automatically generated by Apache iBATIS 
			ibator, do not modify. This element was generated on Tue May 07 18:01:06 
			CST 2013. --> update tbl_labour_recorder set CONTRACT_NO = #{record.contractNo:VARCHAR}, EMPLOYEE_ID = #{record.employeeId:CHAR}, LABOUR_DATE = #{record.labourDate:DATE}, LABOUR_TYPE = #{record.labourType:CHAR}, STANDARD_LABOUR = #{record.standardLabour:DECIMAL}, PM_ID = #{record.pmId:CHAR}, IS_ADDITIONAL = #{record.isAdditional:CHAR}, INVALID_REASON = #{record.invalidReason:CHAR}, IS_TRAVEL = #{record.isTravel:CHAR}, RECORD_TIME = #{record.recordTime:DATE}, REMARK = #{record.remark:VARCHAR}, OVERTIME_LABOUR = #{record.overtimeLabour:DECIMAL}, REMARK = #{record.remark:VARCHAR}, LABOUR_STATUS = #{record.labourStatus:VARCHAR}
    <if test="_parameter != null"> 
      <include refid="tbl_labour_recorder.Criteria_Where_Clause"/> 
    </if> 
  </update>
  <update id="updateByPrimaryKeySelective" parameterType="com.i2shopping.i2work.operation.core.record.model.LabourRecorder"> 
    <!-- WARNING - This element is automatically generated by Apache iBATIS 
			ibator, do not modify. This element was generated on Tue May 07 18:01:06 
			CST 2013. --> update tbl_labour_recorder 
    <trim prefix="set"> 
      <if test="standardLabour != null">STANDARD_LABOUR = #{standardLabour:DECIMAL} ,</if>  
      <if test="pmId != null">PM_ID = #{pmId:CHAR} ,</if>  
      <if test="isAdditional != null">IS_ADDITIONAL = #{isAdditional:CHAR} ,</if>  
      <if test="invalidReason != null">INVALID_REASON = #{invalidReason:CHAR} ,</if>  
      <if test="isTravel != null">IS_TRAVEL = #{isTravel:CHAR} ,</if>  
      <if test="recordTime != null">RECORD_TIME = #{recordTime:DATE} ,</if>  
      <if test="overtimeLabour != null">OVERTIME_LABOUR = #{overtimeLabour:DECIMAL} ,</if>  
      <if test="remark != null">REMARK = #{remark:VARCHAR} ,</if>  
      <if test="labourStatus != null">LABOUR_STATUS = #{labourStatus:VARCHAR} ,</if> 
    </trim> where CONTRACT_NO = #{contractNo:VARCHAR} and EMPLOYEE_ID = #{employeeId:CHAR} and LABOUR_DATE = #{labourDate:DATE} and LABOUR_TYPE = #{labourType:CHAR}
  </update>
  <update id="updateByLabourRecorder" parameterType="com.i2shopping.i2work.operation.core.record.model.LabourRecorder"> 
    <!-- WARNING - This element is automatically generated by Apache iBATIS 
			ibator, do not modify. This element was generated on Tue May 07 18:01:06 
			CST 2013. --> update tbl_labour_recorder 
    <trim prefix="set"> 
      <if test="standardLabour != null">STANDARD_LABOUR = #{standardLabour:DECIMAL} ,</if>  
      <if test="pmId != null">PM_ID = #{pmId:CHAR} ,</if>  
      <if test="isAdditional != null">IS_ADDITIONAL = #{isAdditional:CHAR} ,</if>  
      <if test="invalidReason != null">INVALID_REASON = #{invalidReason:CHAR} ,</if>  
      <if test="isTravel != null">IS_TRAVEL = #{isTravel:CHAR} ,</if>  
      <if test="recordTime != null">RECORD_TIME = #{recordTime:DATE} ,</if>  
      <if test="overtimeLabour != null">OVERTIME_LABOUR = #{overtimeLabour:DECIMAL} ,</if>  
      <if test="labourType != null">LABOUR_TYPE = #{labourType:CHAR} ,</if>  
      <if test="remark != null">REMARK = #{remark:VARCHAR} ,</if>  
      <if test="labourStatus != null">LABOUR_STATUS = #{labourStatus:VARCHAR} ,</if> 
    </trim>  
    <trim prefix="where"> 
      <if test="contractNo != null">and CONTRACT_NO = #{contractNo:VARCHAR}</if>  
      <if test="employeeId != null">and EMPLOYEE_ID = #{employeeId:CHAR}</if>  
      <if test="labourDate != null">and LABOUR_DATE = #{labourDate:DATE}</if> 
    </trim> 
  </update>
  <update id="updateByPrimaryKey" parameterType="com.i2shopping.i2work.operation.core.record.model.LabourRecorder"> 
    <!-- WARNING - This element is automatically generated by Apache iBATIS 
			ibator, do not modify. This element was generated on Tue May 07 18:01:06 
			CST 2013. --> update tbl_labour_recorder set STANDARD_LABOUR = #{standardLabour:DECIMAL}, PM_ID = #{pmId:CHAR}, IS_ADDITIONAL = #{isAdditional:CHAR}, INVALID_REASON = #{invalidReason:CHAR}, IS_TRAVEL = #{isTravel:CHAR}, RECORD_TIME = #{recordTime:DATE}, OVERTIME_LABOUR = #{overtimeLabour:DECIMAL}, REMARK = #{remark:VARCHAR}, LABOUR_STATUS = #{labourStatus:VARCHAR} where CONTRACT_NO = #{contractNo:VARCHAR} and EMPLOYEE_ID = #{employeeId:CHAR} and LABOUR_DATE = #{labourDate:DATE} and LABOUR_TYPE = #{labourType:CHAR}
  </update>
  <select id="selectByProperties" resultMap="BaseResultMap" parameterType="com.i2shopping.i2work.operation.core.record.model.LabourRecorder"> 
    <!-- select CONTRACT_NO, EMPLOYEE_ID, LABOUR_DATE, LABOUR_TYPE,
		STANDARD_LABOUR, PM_ID,
		IS_ADDITIONAL, INVALID_REASON, IS_TRAVEL, RECORD_TIME,
		OVERTIME_LABOUR,REMARK,LABOUR_STATUS
		from tbl_labour_recorder
		<dynamic prepend="where">
			  <isNotNull prepend="and" property="contractNo">
				      CONTRACT_NO = #{contractNo:VARCHAR}
			  </isNotNull>
			  <isNotNull prepend="and" property="employeeId">
						EMPLOYEE_ID = #{employeeId:CHAR}
			  </isNotNull>
					<isNotNull prepend="and" property="labourDate">
						LABOUR_DATE = #{labourDate:DATE}
			  </isNotNull>
					<isNotNull prepend="and" property="labourType">
						LABOUR_TYPE = #{labourType:CHAR}
			  </isNotNull>
					<isNotNull prepend="and" property="standardLabour">
						STANDARD_LABOUR = #{standardLabour:DECIMAL}
			  </isNotNull>
					<isNotNull prepend="and" property="pmId">
						PM_ID = #{pmId:CHAR}
			  </isNotNull>
					<isNotNull prepend="and" property="isAdditional">
						IS_ADDITIONAL = #{isAdditional:CHAR}
			  </isNotNull>
					<isNotNull prepend="and" property="invalidReason">
						INVALID_REASON = #{invalidReason:CHAR}
			  </isNotNull>
					<isNotNull prepend="and" property="isTravel">
						IS_TRAVEL = #{isTravel:CHAR}
			  </isNotNull>
					<isNotNull prepend="and" property="recordTime">
						RECORD_TIME = #{recordTime:DATE}
			  </isNotNull>
					<isNotNull prepend="and" property="overtimeLabour">
						OVERTIME_LABOUR = #{overtimeLabour:DECIMAL}
			  </isNotNull>
					<isNotNull prepend="and" property="labourStatus">
						LABOUR_STATUS = #{labourStatus:VARCHAR}
			  </isNotNull>
			  <isNotNull prepend="and" property="properties.exportTime">
						<![CDATA[
							date_format(LABOUR_DATE,'%Y-%m') = #{properties.exportTime:VARCHAR}
						 ]]>
			  </isNotNull>
		</dynamic>
		--> select lr.CONTRACT_NO, lr.EMPLOYEE_ID, lr.LABOUR_DATE, lr.LABOUR_TYPE, lr.STANDARD_LABOUR, lr.PM_ID, lr.IS_ADDITIONAL, lr.INVALID_REASON, lr.IS_TRAVEL, lr.RECORD_TIME, lr.OVERTIME_LABOUR,lr.REMARK,LABOUR_STATUS from tbl_labour_recorder lr ,tbl_employee_info tei ,tbl_department_info dept where lr.EMPLOYEE_ID = tei.EMPLOYEE_ID and tei.DEPARTMENT_ID = dept.DEPARTMENT_ID
    <if test="contractNo != null">and lr.CONTRACT_NO = #{contractNo:VARCHAR}</if>  
    <if test="employeeId != null">and lr.EMPLOYEE_ID = #{employeeId:CHAR}</if>  
    <if test="labourDate != null">and lr.LABOUR_DATE = #{labourDate:DATE}</if>  
    <if test="labourType != null">and lr.LABOUR_TYPE = #{labourType:CHAR}</if>  
    <if test="standardLabour != null">and lr.STANDARD_LABOUR = #{standardLabour:DECIMAL}</if>  
    <if test="pmId != null">and lr.PM_ID = #{pmId:CHAR}</if>  
    <if test="isAdditional != null">and lr.IS_ADDITIONAL = #{isAdditional:CHAR}</if>  
    <if test="invalidReason != null">and lr.INVALID_REASON = #{invalidReason:CHAR}</if>  
    <if test="isTravel != null">and lr.IS_TRAVEL = #{isTravel:CHAR}</if>  
    <if test="recordTime != null">and lr.RECORD_TIME = #{recordTime:DATE}</if>  
    <if test="overtimeLabour != null">and lr.OVERTIME_LABOUR = #{overtimeLabour:DECIMAL}</if>  
    <if test="labourStatus != null">and lr.LABOUR_STATUS = #{labourStatus:VARCHAR}</if>  
    <if test="properties.exportStatTimeFrom != null">and date_format(lr.LABOUR_DATE,'%Y-%m-%d')&gt;=#{properties.exportStatTimeFrom:VARCHAR}</if>  
    <if test="properties.exportEndTimeFrom != null">and date_format(lr.LABOUR_DATE,'%Y-%m-%d')&lt;=#{properties.exportEndTimeFrom:VARCHAR}</if>  
    <if test="properties.defaultExportStatTimeFrom != null">and date_format(lr.LABOUR_DATE,'%Y-%m')&gt;=#{properties.defaultExportStatTimeFrom:VARCHAR}</if>  
    <if test="properties.defaultExportEndTimeFrom != null">and date_format(lr.LABOUR_DATE,'%Y-%m')&lt;=#{properties.defaultExportEndTimeFrom:VARCHAR}</if>  
    <if test="properties.exportComapyFrom != null">and tei.BEYOND_COMPANY = #{properties.exportComapyFrom:VARCHAR}</if>  
    <if test="properties.exportDeptmentFrom != null">and tei.DEPARTMENT_ID = #{properties.exportDeptmentFrom:VARCHAR}</if>  
    <if test="properties.exportAreaFrom != null">and dept.area = #{properties.exportAreaFrom:VARCHAR}</if>  
    <if test="properties.exportContractNoFrom != null">and lr.CONTRACT_NO = #{properties.exportContractNoFrom:VARCHAR}</if>  
    <if test="properties.exportEmployeeName != null">and tei.EMPLOYEE_NAME = #{properties.exportEmployeeName:VARCHAR}</if> 
  </select>
  <select id="selectByDate" resultMap="SecondResultMap" parameterType="com.i2shopping.i2work.operation.core.record.model.LabourRecorder">select INVALID_REASON from tbl_labour_recorder where CONTRACT_NO = #{contractNo:VARCHAR} and EMPLOYEE_ID = #{employeeId:CHAR} and LABOUR_DATE = #{labourDate:DATE}</select>
</mapper>
