<?xml version="1.0" encoding="UTF-8"?>
<!DOCTYPE mapper PUBLIC "-//mybatis.org//DTD Mapper 3.0//EN" "http://mybatis.org/dtd/mybatis-3-mapper.dtd">

<mapper namespace="tbl_company">
  <resultMap id="BaseResultMap" type="com.i2shopping.i2work.operation.core.company.model.Company">
    <!--
      WARNING - This element is automatically generated by Apache iBATIS ibator, do not modify.
      This element was generated on Tue Jul 14 15:24:40 CST 2015.
    -->
    <result column="ID" property="id" jdbcType="VARCHAR"/>
    <result column="NAME" property="name" jdbcType="VARCHAR"/>
    <result column="DESCRIPTION" property="description" jdbcType="VARCHAR"/>
    <result column="GROUP_NAME" property="groupName" jdbcType="VARCHAR"/>
  </resultMap>
  <sql id="company_Where_Clause"> 
    <if test="name != null and name != ''">and tbl_company.NAME like concat('%', #{name:VARCHAR}, '%')</if>  
    <if test="id != null and id != ''">and tbl_company.ID=#{id:VARCHAR}</if> 
  </sql>
  <sql id="Criteria_Where_Clause"> 
    <!--
      WARNING - This element is automatically generated by Apache iBATIS ibator, do not modify.
      This element was generated on Tue Jul 14 15:24:40 CST 2015.
    -->  
    <iterate property="oredCriteria" conjunction="or" prepend="where" removeFirstPrepend="iterate"> 
      <if test="oredCriteria[].valid!= null and oredCriteria[].valid == 'true'.toString()">( 
        <iterate prepend="and" property="oredCriteria[].criteriaWithoutValue" conjunction="and">$oredCriteria[].criteriaWithoutValue[]$</iterate>  
        <iterate prepend="and" property="oredCriteria[].criteriaWithSingleValue" conjunction="and">$oredCriteria[].criteriaWithSingleValue[].condition$ #{oredCriteria[].criteriaWithSingleValue[].value}</iterate>  
        <iterate prepend="and" property="oredCriteria[].criteriaWithListValue" conjunction="and">$oredCriteria[].criteriaWithListValue[].condition$
          <iterate property="oredCriteria[].criteriaWithListValue[].values" open="(" close=")" conjunction=",">#{oredCriteria[].criteriaWithListValue[].values[]}</iterate> 
        </iterate>  
        <iterate prepend="and" property="oredCriteria[].criteriaWithBetweenValue" conjunction="and">$oredCriteria[].criteriaWithBetweenValue[].condition$ #{oredCriteria[].criteriaWithBetweenValue[].values[0]} and #{oredCriteria[].criteriaWithBetweenValue[].values[1]}</iterate> )
      </if> 
    </iterate> 
  </sql>
  <select id="selectByCriteria" resultMap="BaseResultMap" parameterType="com.i2shopping.i2work.operation.core.company.model.CompanyCriteria"> 
    <!--
      WARNING - This element is automatically generated by Apache iBATIS ibator, do not modify.
      This element was generated on Tue Jul 14 15:24:40 CST 2015.
    --> select ID, NAME, DESCRIPTION,GROUP_NAME from tbl_company
    <if test="_parameter != null"> 
      <include refid="tbl_company.Criteria_Where_Clause"/>  
      <if test="orderByClause != null">order by ${orderByClause}</if> 
    </if> 
  </select>
  <select id="selectByPrimaryKey" resultMap="BaseResultMap" parameterType="com.i2shopping.i2work.operation.core.company.model.Company"> 
    <!--
      WARNING - This element is automatically generated by Apache iBATIS ibator, do not modify.
      This element was generated on Tue Jul 14 15:24:40 CST 2015.
    --> select ID, NAME, DESCRIPTION,GROUP_NAME from tbl_company where ID = #{id:VARCHAR}
  </select>
  <delete id="deleteByPrimaryKey" parameterType="com.i2shopping.i2work.operation.core.company.model.Company"> 
    <!--
      WARNING - This element is automatically generated by Apache iBATIS ibator, do not modify.
      This element was generated on Tue Jul 14 15:24:40 CST 2015.
    --> delete from tbl_company where ID = #{id:VARCHAR}
  </delete>
  <delete id="deleteByCriteria" parameterType="com.i2shopping.i2work.operation.core.company.model.CompanyCriteria"> 
    <!--
      WARNING - This element is automatically generated by Apache iBATIS ibator, do not modify.
      This element was generated on Tue Jul 14 15:24:40 CST 2015.
    --> delete from tbl_company 
    <include refid="tbl_company.Criteria_Where_Clause"/> 
  </delete>
  <insert id="insert" parameterType="com.i2shopping.i2work.operation.core.company.model.Company"> 
    <!--
      WARNING - This element is automatically generated by Apache iBATIS ibator, do not modify.
      This element was generated on Tue Jul 14 15:24:40 CST 2015.
    --> insert into tbl_company (ID, NAME, DESCRIPTION, GROUP_NAME) values (#{id:VARCHAR}, #{name:VARCHAR}, #{description:VARCHAR}, #{groupName:VARCHAR})
  </insert>
  <insert id="insertSelective" parameterType="com.i2shopping.i2work.operation.core.company.model.Company"> 
    <!--
      WARNING - This element is automatically generated by Apache iBATIS ibator, do not modify.
      This element was generated on Tue Jul 14 15:24:40 CST 2015.
    --> insert into tbl_company 
    <trim prefix="("> 
      <if test="id != null">ID ,</if>  
      <if test="name != null">NAME ,</if>  
      <if test="description != null">DESCRIPTION ,</if>  
      <if test="groupName != null">GROUP_NAME ,</if> )
    </trim> values 
    <trim prefix="("> 
      <if test="id != null">#{id:VARCHAR} ,</if>  
      <if test="name != null">#{name:VARCHAR} ,</if>  
      <if test="description != null">#{description:VARCHAR} ,</if>  
      <if test="groupName != null">#{groupName:VARCHAR} ,</if> )
    </trim> 
  </insert>
  <select id="countByCriteria" parameterType="com.i2shopping.i2work.operation.core.company.model.CompanyCriteria" resultType="java.lang.Integer"> 
    <!--
      WARNING - This element is automatically generated by Apache iBATIS ibator, do not modify.
      This element was generated on Tue Jul 14 15:24:40 CST 2015.
    --> select count(*) from tbl_company 
    <include refid="tbl_company.Criteria_Where_Clause"/> 
  </select>
  <update id="updateByCriteriaSelective"> 
    <!--
      WARNING - This element is automatically generated by Apache iBATIS ibator, do not modify.
      This element was generated on Tue Jul 14 15:24:40 CST 2015.
    --> update tbl_company 
    <trim prefix="set"> 
      <if test="record.id != null">ID = #{record.id:VARCHAR} ,</if>  
      <if test="record.name != null">NAME = #{record.name:VARCHAR} ,</if>  
      <if test="record.description != null">DESCRIPTION = #{record.description:VARCHAR} ,</if>  
      <if test="record.groupName != null">GROUP_NAME = #{record.groupName:VARCHAR} ,</if> 
    </trim>  
    <if test="_parameter != null"> 
      <include refid="tbl_company.Criteria_Where_Clause"/> 
    </if> 
  </update>
  <update id="updateByCriteria"> 
    <!--
      WARNING - This element is automatically generated by Apache iBATIS ibator, do not modify.
      This element was generated on Tue Jul 14 15:24:40 CST 2015.
    --> update tbl_company set ID = #{record.id:VARCHAR}, NAME = #{record.name:VARCHAR}, DESCRIPTION = #{record.description:VARCHAR}, GROUP_NAME = #{record.groupName:VARCHAR}
    <if test="_parameter != null"> 
      <include refid="tbl_company.Criteria_Where_Clause"/> 
    </if> 
  </update>
  <update id="updateByPrimaryKeySelective" parameterType="com.i2shopping.i2work.operation.core.company.model.Company"> 
    <!--
      WARNING - This element is automatically generated by Apache iBATIS ibator, do not modify.
      This element was generated on Tue Jul 14 15:24:40 CST 2015.
    --> update tbl_company 
    <trim prefix="set"> 
      <if test="name != null">NAME = #{name:VARCHAR} ,</if>  
      <if test="description != null">DESCRIPTION = #{description:VARCHAR} ,</if>  
      <if test="groupName != null">GROUP_NAME = #{groupName:VARCHAR} ,</if> 
    </trim> where ID = #{id:VARCHAR}
  </update>
  <update id="updateByPrimaryKey" parameterType="com.i2shopping.i2work.operation.core.company.model.Company"> 
    <!--
      WARNING - This element is automatically generated by Apache iBATIS ibator, do not modify.
      This element was generated on Tue Jul 14 15:24:40 CST 2015.
    --> update tbl_company set NAME = #{name:VARCHAR}, DESCRIPTION = #{description:VARCHAR}, GROUP_NAME = #{groupName:VARCHAR} where ID = #{id:VARCHAR}
  </update>
  <select id="selectCompanyList" parameterType="com.i2shopping.i2work.operation.core.company.model.Company" resultMap="BaseResultMap">SELECT * FROM tbl_company
    <trim prefix="where"> 
      <include refid="tbl_company.company_Where_Clause"/> 
    </trim> 
  </select>
  <select id="countCompany" parameterType="com.i2shopping.i2work.operation.core.company.model.Company" resultType="java.lang.Integer">SELECT count(1) FROM tbl_company
    <trim prefix="where"> 
      <include refid="tbl_company.company_Where_Clause"/> 
    </trim> 
  </select>
  <select id="selectByCompanyId" parameterType="java.lang.String" resultMap="BaseResultMap">SELECT * FROM tbl_company WHERE ID=#{value:VARCHAR}</select>
  <select id="selectCompanys" parameterType="com.i2shopping.i2work.operation.core.company.model.Company" resultMap="BaseResultMap">SELECT * FROM tbl_company
    <trim prefix="where"> 
      <include refid="tbl_company.company_Where_Clause"/> 
    </trim> 
  </select>
  <select id="selectById" parameterType="java.lang.String" resultMap="BaseResultMap">SELECT * FROM tbl_company WHERE ID=#{value:VARCHAR}</select>
</mapper>
