<?xml version="1.0" encoding="UTF-8"?>
<!DOCTYPE mapper PUBLIC "-//mybatis.org//DTD Mapper 3.0//EN" "http://mybatis.org/dtd/mybatis-3-mapper.dtd">

<mapper namespace="TBL_SYS_PARAMS">
  <resultMap id="BaseResultMap" type="com.i2shopping.i2work.operation.core.system.model.SysParams">
    <!--
      WARNING - This element is automatically generated by Apache iBATIS ibator, do not modify.
      This element was generated on Fri Apr 06 17:05:30 CST 2012.
    -->
    <result column="INNER_NAME" property="innerName" jdbcType="VARCHAR"/>
    <result column="OUTER_NAME" property="outerName" jdbcType="VARCHAR"/>
    <result column="VALUE" property="value" jdbcType="VARCHAR"/>
    <result column="TYPE" property="type" jdbcType="VARCHAR"/>
    <result column="STATUS" property="status" jdbcType="VARCHAR"/>
    <result column="MEMO" property="memo" jdbcType="VARCHAR"/>
  </resultMap>
  <sql id="Criteria_Where_Clause"> 
    <!--
      WARNING - This element is automatically generated by Apache iBATIS ibator, do not modify.
      This element was generated on Fri Apr 06 17:05:30 CST 2012.
    -->  
    <iterate property="oredCriteria" conjunction="or" prepend="where" removeFirstPrepend="iterate"> 
      <if test="oredCriteria[].valid!= null and oredCriteria[].valid == 'true'.toString()">( 
        <iterate prepend="and" property="oredCriteria[].criteriaWithoutValue" conjunction="and">$oredCriteria[].criteriaWithoutValue[]$</iterate>  
        <iterate prepend="and" property="oredCriteria[].criteriaWithSingleValue" conjunction="and">$oredCriteria[].criteriaWithSingleValue[].condition$ #{oredCriteria[].criteriaWithSingleValue[].value}</iterate>  
        <iterate prepend="and" property="oredCriteria[].criteriaWithListValue" conjunction="and">$oredCriteria[].criteriaWithListValue[].condition$
          <iterate property="oredCriteria[].criteriaWithListValue[].values" open="(" close=")" conjunction=",">#{oredCriteria[].criteriaWithListValue[].values[]}</iterate> 
        </iterate>  
        <iterate prepend="and" property="oredCriteria[].criteriaWithBetweenValue" conjunction="and">$oredCriteria[].criteriaWithBetweenValue[].condition$ #{oredCriteria[].criteriaWithBetweenValue[].values[0]} and #{oredCriteria[].criteriaWithBetweenValue[].values[1]}</iterate> )
      </if> 
    </iterate> 
  </sql>
  <sql id="Params_Where_Clause"> 
    <if test="outerName != null and outerName != ''">and A.OUTER_NAME like '%'||#{outerName}||'%'</if>  
    <if test="innerName != null and innerName != ''">and A.INNER_NAME like '%'||#{innerName}||'%'</if>  
    <if test="type != null and type != ''">and A.TYPE like '%'||#{type}||'%'</if>  
    <if test="memo != null and memo != ''">and A.MEMO like '%'||#{memo}||'%'</if>  
    <if test="properties.sqlStatemnet != null and properties.sqlStatemnet != ''">and A.INNER_NAME in ('BlackAndWhiteSwitch','FinanceCategoryNo','ICBCGoldCategoryNo','NonInvOriInsProdCategoryNo', 'OrderDefaultInvalidTime','SeckillDeadTerm','SalePromotionDeadTerm','DefaultReceivingTerm', 'DefaultFeedbackTerm','IcbcMallAgreement')</if> 
  </sql>
  <select id="selectByCriteria" resultMap="BaseResultMap" parameterType="com.i2shopping.i2work.operation.core.system.model.SysParamsCriteria"> 
    <!--
      WARNING - This element is automatically generated by Apache iBATIS ibator, do not modify.
      This element was generated on Fri Apr 06 17:05:30 CST 2012.
    --> select INNER_NAME, OUTER_NAME, VALUE, TYPE, STATUS, MEMO from tbl_sys_params
    <if test="_parameter != null"> 
      <include refid="TBL_SYS_PARAMS.Criteria_Where_Clause"/> 
    </if> 
  </select>
  <select id="selectMaxInnerName" resultType="java.lang.String">select MAX(INNER_NAME) as INNER_NAME from tbl_sys_params</select>
  <select id="selectByPrimaryKey" resultMap="BaseResultMap" parameterType="com.i2shopping.i2work.operation.core.system.model.SysParams"> 
    <!--
      WARNING - This element is automatically generated by Apache iBATIS ibator, do not modify.
      This element was generated on Fri Apr 06 17:05:30 CST 2012.
    --> select INNER_NAME, OUTER_NAME, VALUE, TYPE, STATUS, MEMO from tbl_sys_params where INNER_NAME = #{innerName:VARCHAR}
  </select>
  <select id="selectByType" resultMap="BaseResultMap" parameterType="com.i2shopping.i2work.operation.core.system.model.SysParams"> 
    <!--
      WARNING - This element is automatically generated by Apache iBATIS ibator, do not modify.
      This element was generated on Fri Apr 06 17:05:30 CST 2012.
    --> select tbl_sys_params.* from tbl_sys_params where TYPE=#{type:VARCHAR} and STATUS=1
  </select>
  <delete id="deleteByPrimaryKey" parameterType="com.i2shopping.i2work.operation.core.system.model.SysParams"> 
    <!--
      WARNING - This element is automatically generated by Apache iBATIS ibator, do not modify.
      This element was generated on Fri Apr 06 17:05:30 CST 2012.
    --> delete from tbl_sys_params where INNER_NAME = #{innerName:VARCHAR}
  </delete>
  <delete id="deleteByCriteria" parameterType="com.i2shopping.i2work.operation.core.system.model.SysParamsCriteria"> 
    <!--
      WARNING - This element is automatically generated by Apache iBATIS ibator, do not modify.
      This element was generated on Fri Apr 06 17:05:30 CST 2012.
    --> delete from tbl_sys_params 
    <include refid="TBL_SYS_PARAMS.Criteria_Where_Clause"/> 
  </delete>
  <insert id="insert" parameterType="com.i2shopping.i2work.operation.core.system.model.SysParams"> 
    <!--
      WARNING - This element is automatically generated by Apache iBATIS ibator, do not modify.
      This element was generated on Fri Apr 06 17:05:30 CST 2012.
    --> insert into tbl_sys_params (INNER_NAME, OUTER_NAME, VALUE, TYPE, STATUS, MEMO) values (#{innerName:VARCHAR}, #{outerName:VARCHAR}, #{value:VARCHAR}, #{type:VARCHAR}, #{status:VARCHAR}, #{memo:VARCHAR})
  </insert>
  <insert id="insertSelective" parameterType="com.i2shopping.i2work.operation.core.system.model.SysParams"> 
    <!--
      WARNING - This element is automatically generated by Apache iBATIS ibator, do not modify.
      This element was generated on Fri Apr 06 17:05:30 CST 2012.
    --> insert into tbl_sys_params 
    <trim prefix="("> 
      <if test="innerName != null">INNER_NAME ,</if>  
      <if test="outerName != null">OUTER_NAME ,</if>  
      <if test="value != null">VALUE ,</if>  
      <if test="type != null">TYPE ,</if>  
      <if test="status != null">STATUS ,</if>  
      <if test="memo != null">MEMO ,</if> )
    </trim> values 
    <trim prefix="("> 
      <if test="innerName != null">#{innerName:VARCHAR} ,</if>  
      <if test="outerName != null">#{outerName:VARCHAR} ,</if>  
      <if test="value != null">#{value:VARCHAR} ,</if>  
      <if test="type != null">#{type:VARCHAR} ,</if>  
      <if test="status != null">#{status:VARCHAR} ,</if>  
      <if test="memo != null">#{memo:VARCHAR} ,</if> )
    </trim> 
  </insert>
  <select id="countByCriteria" parameterType="com.i2shopping.i2work.operation.core.system.model.SysParamsCriteria" resultType="java.lang.Integer"> 
    <!--
      WARNING - This element is automatically generated by Apache iBATIS ibator, do not modify.
      This element was generated on Fri Apr 06 17:05:30 CST 2012.
    --> select count(*) from tbl_sys_params 
    <include refid="TBL_SYS_PARAMS.Criteria_Where_Clause"/> 
  </select>
  <select id="countByParams" parameterType="com.i2shopping.i2work.operation.core.system.model.SysParams" resultType="java.lang.Integer">select count(1) from tbl_sys_params A
    <trim prefix="where"> 
      <include refid="TBL_SYS_PARAMS.Params_Where_Clause"/> 
    </trim> 
  </select>
  <update id="updateByCriteriaSelective"> 
    <!--
      WARNING - This element is automatically generated by Apache iBATIS ibator, do not modify.
      This element was generated on Fri Apr 06 17:05:30 CST 2012.
    --> update tbl_sys_params 
    <trim prefix="set"> 
      <if test="record.innerName != null">INNER_NAME = #{record.innerName:VARCHAR} ,</if>  
      <if test="record.outerName != null">OUTER_NAME = #{record.outerName:VARCHAR} ,</if>  
      <if test="record.value != null">VALUE = #{record.value:VARCHAR} ,</if>  
      <if test="record.type != null">TYPE = #{record.type:VARCHAR} ,</if>  
      <if test="record.status != null">STATUS = #{record.status:VARCHAR} ,</if>  
      <if test="record.memo != null">MEMO = #{record.memo:VARCHAR} ,</if> 
    </trim>  
    <if test="_parameter != null"> 
      <include refid="TBL_SYS_PARAMS.Criteria_Where_Clause"/> 
    </if> 
  </update>
  <!-- 查询所有记录（分页） -->
  <select id="countByExample" parameterType="com.i2shopping.i2work.operation.core.common.model.Role" resultType="java.lang.Integer">SELECT count(1) FROM ( SELECT B.INNER_NAME, B.OUTER_NAME, B.VALUE, B.TYPE, B.STATUS, B.MEMO FROM tbl_sys_params B ) A
    <trim prefix="where"> 
      <include refid="TBL_SYS_PARAMS.Params_Where_Clause"/> 
    </trim> 
  </select>
  <!-- 统计指定条件的记录个数（分页） -->
  <select id="selectAllByPage" resultMap="BaseResultMap" parameterType="com.i2shopping.i2work.operation.core.system.model.SysParams">SELECT A.* FROM ( SELECT B.INNER_NAME, B.OUTER_NAME, B.VALUE, B.TYPE, B.STATUS, B.MEMO FROM tbl_sys_params B ) A
    <trim prefix="where"> 
      <include refid="TBL_SYS_PARAMS.Params_Where_Clause"/> 
    </trim> 
  </select>
  <update id="updateByCriteria"> 
    <!--
      WARNING - This element is automatically generated by Apache iBATIS ibator, do not modify.
      This element was generated on Fri Apr 06 17:05:30 CST 2012.
    --> update tbl_sys_params set INNER_NAME = #{record.innerName:VARCHAR}, OUTER_NAME = #{record.outerName:VARCHAR}, VALUE = #{record.value:VARCHAR}, TYPE = #{record.type:VARCHAR}, STATUS = #{record.status:VARCHAR}, MEMO = #{record.memo:VARCHAR}
    <if test="_parameter != null"> 
      <include refid="TBL_SYS_PARAMS.Criteria_Where_Clause"/> 
    </if> 
  </update>
  <update id="updateByPrimaryKeySelective" parameterType="com.i2shopping.i2work.operation.core.system.model.SysParams"> 
    <!--
      WARNING - This element is automatically generated by Apache iBATIS ibator, do not modify.
      This element was generated on Fri Apr 06 17:05:30 CST 2012.
    --> update tbl_sys_params 
    <trim prefix="set"> 
      <if test="outerName != null">OUTER_NAME = #{outerName:VARCHAR} ,</if>  
      <if test="value != null">VALUE = #{value:VARCHAR} ,</if>  
      <if test="type != null">TYPE = #{type:VARCHAR} ,</if>  
      <if test="status != null">STATUS = #{status:VARCHAR} ,</if>  
      <if test="memo != null">MEMO = #{memo:VARCHAR} ,</if> 
    </trim> where INNER_NAME = #{innerName:VARCHAR}
  </update>
  <update id="updateByPrimaryKey" parameterType="com.i2shopping.i2work.operation.core.system.model.SysParams"> 
    <!--
      WARNING - This element is automatically generated by Apache iBATIS ibator, do not modify.
      This element was generated on Fri Apr 06 17:05:30 CST 2012.
    --> update tbl_sys_params set OUTER_NAME = #{outerName:VARCHAR}, VALUE = #{value:VARCHAR}, TYPE = #{type:VARCHAR}, STATUS = #{status:VARCHAR}, MEMO = #{memo:VARCHAR} where INNER_NAME = #{innerName:VARCHAR}
  </update>
  <!-- operation 查询系统设置 分页查询集合 -->
  <select id="findSysParamslist" resultMap="BaseResultMap" parameterType="com.i2shopping.i2work.operation.core.system.model.SysParams">select m.* from tbl_sys_params m 
    <trim prefix="where"> 
      <if test="innerName != null and innerName != ''">and m.INNER_NAME = #{innerName:VARCHAR}</if>  
      <if test="outerName != null and outerName != ''">and m.OUTER_NAME = #{outerName:VARCHAR}</if> 
    </trim> ORDER BY m.INNER_NAME asc
  </select>
  <!-- operation 查询系统设置 分页查询集合 查询总数量 -->
  <select id="findSysParamslistCount" resultType="java.lang.Integer" parameterType="com.i2shopping.i2work.operation.core.system.model.SysParams">select count(*) from tbl_sys_params where 1 = 1</select>
  <!-- operation 修改设置参数的 -->
  <update id="updateByPrimaryKeySelectiveToOperation" parameterType="com.i2shopping.i2work.operation.core.system.model.SysParams">update tbl_sys_params 
    <trim prefix="set"> 
      <if test="outerName != null">OUTER_NAME = #{outerName:VARCHAR} ,</if>  
      <if test="value != null">VALUE = #{value:VARCHAR} ,</if>  
      <if test="type != null">TYPE = #{type:VARCHAR} ,</if>  
      <if test="status != null">STATUS = #{status:VARCHAR} ,</if>  
      <if test="memo != null">MEMO = #{memo:VARCHAR} ,</if> 
    </trim> where INNER_NAME = #{innerName:VARCHAR}
  </update>
  <select id="selectInfoByDepartmentArea" resultType="com.i2shopping.i2work.operation.core.system.model.SysParams" parameterType="java.lang.String">select * from tbl_sys_params where INNER_NAME=#{innerName:VARCHAR}</select>
</mapper>
