<?xml version="1.0" encoding="UTF-8"?>
<!DOCTYPE mapper PUBLIC "-//mybatis.org//DTD Mapper 3.0//EN" "http://mybatis.org/dtd/mybatis-3-mapper.dtd">

<mapper namespace="B2C_SYSTEMPARAM">
  <resultMap id="SystemparamResult" type="com.i2shopping.i2work.operation.core.system.model.SystemParam">
    <result column="PARAMTYPE" property="paramtype" jdbcType="VARCHAR2"/>
    <result column="PARAMVALUE" property="paramvalue" jdbcType="VARCHAR2"/>
    <result column="PARAMCODE" property="paramcode" jdbcType="VARCHAR2"/>
    <result column="PARAMNAME" property="paramname" jdbcType="VARCHAR2"/>
    <result column="PARAMSEQ" property="paramseq" jdbcType="INTEGER"/>
    <result column="PARAMDESC" property="paramdesc" jdbcType="VARCHAR2"/>
  </resultMap>
  <sql id="Criteria_Where_Clause"> 
    <iterate property="oredCriteria" conjunction="or" prepend="where" removeFirstPrepend="iterate"> 
      <if test="oredCriteria[].valid!= null and oredCriteria[].valid == 'true'.toString()">( 
        <iterate prepend="and" property="oredCriteria[].criteriaWithoutValue" conjunction="and">$oredCriteria[].criteriaWithoutValue[]$</iterate>  
        <iterate prepend="and" property="oredCriteria[].criteriaWithSingleValue" conjunction="and">$oredCriteria[].criteriaWithSingleValue[].condition$ #{oredCriteria[].criteriaWithSingleValue[].value}</iterate>  
        <iterate prepend="and" property="oredCriteria[].criteriaWithListValue" conjunction="and">$oredCriteria[].criteriaWithListValue[].condition$
          <iterate property="oredCriteria[].criteriaWithListValue[].values" open="(" close=")" conjunction=",">#{oredCriteria[].criteriaWithListValue[].values[]}</iterate> 
        </iterate>  
        <iterate prepend="and" property="oredCriteria[].criteriaWithBetweenValue" conjunction="and">$oredCriteria[].criteriaWithBetweenValue[].condition$ #{oredCriteria[].criteriaWithBetweenValue[].values[0]} and #{oredCriteria[].criteriaWithBetweenValue[].values[1]}</iterate> )
      </if> 
    </iterate> 
  </sql>
  <select id="selectByPrimaryKey" resultMap="SystemparamResult" parameterType="com.i2shopping.i2work.operation.core.system.model.SystemParamKey">select PARAMTYPE, PARAMVALUE, PARAMCODE, PARAMNAME, PARAMSEQ, PARAMDESC from B2C_SYSTEMPARAM where PARAMTYPE = #{paramtype:VARCHAR} and PARAMCODE = #{paramcode:VARCHAR}</select>
  <select id="selectAllParms" resultMap="SystemparamResult">select PARAMTYPE, PARAMVALUE, PARAMCODE, PARAMNAME, PARAMSEQ, PARAMDESC from B2C_SYSTEMPARAM order by PARAMTYPE</select>
  <select id="selectByCriteria" resultMap="SystemparamResult" parameterType="com.i2shopping.i2work.operation.core.system.dao.SystemparamCriteria">select PARAMTYPE, PARAMVALUE, PARAMCODE, PARAMNAME, PARAMSEQ, PARAMDESC from B2C_SYSTEMPARAM
    <if test="_parameter != null"> 
      <include refid="B2C_SYSTEMPARAM.Criteria_Where_Clause"/> 
    </if> 
  </select>
  <insert id="insert" parameterType="com.i2shopping.i2work.operation.core.system.model.SystemParam">INSERT INTO B2C_SYSTEMPARAM (PARAMTYPE,PARAMCODE,PARAMNAME,PARAMVALUE,PARAMSEQ,PARAMDESC) VALUES(#{paramtype:VARCHAR},#{paramvalue:VARCHAR},#{paramcode:VARCHAR},#{paramname:VARCHAR},#{paramseq:INTEGER},#{paramdesc:VARCHAR})</insert>
  <delete id="delete" parameterType="java.lang.String">delete from B2C_SYSTEMPARAM where paramcode=#{value}</delete>
  <update id="updateByPrimaryKey" parameterType="com.i2shopping.i2work.operation.core.system.model.SystemParam">update B2C_SYSTEMPARAM set PARAMVALUE = #{paramvalue:VARCHAR}
    <trim prefix=","> 
      <if test="paramdesc != null and paramdesc != ''">PARAMDESC = #{paramdesc:VARCHAR}</if> 
    </trim> where PARAMTYPE = #{paramtype:VARCHAR} and PARAMCODE = #{paramcode:VARCHAR}
  </update>
  <select id="searchByTypeNotPwd" parameterType="java.lang.String" resultMap="SystemparamResult"> <![CDATA[select * from B2C_SYSTEMPARAM where PARAMTYPE = #{value:VARCHAR} and PARAMCODE !='04001' and PARAMCODE !='04002' and PARAMCODE !='05001' and PARAMCODE !='05002' order by PARAMSEQ]]> </select>
</mapper>
