<?xml version="1.0" encoding="UTF-8"?>
<!DOCTYPE mapper PUBLIC "-//mybatis.org//DTD Mapper 3.0//EN" "http://mybatis.org/dtd/mybatis-3-mapper.dtd">

<mapper namespace="tbl_role_department">
  <resultMap id="BaseResultMap" type="com.i2shopping.i2work.operation.core.department.model.DepartmentInfo">
    <result column="DEPARTMENT_ID" property="departmentId" jdbcType="CHAR"/>
    <result column="DEPARTMENT_NAME" property="departmentName" jdbcType="VARCHAR"/>
    <result column="BEYOND_COMPANY" property="beyondCompany" jdbcType="VARCHAR"/>
    <result column="AREA" property="area" jdbcType="VARCHAR"/>
  </resultMap>
  <delete id="deleteByRoleId" parameterType="java.lang.String">delete from tbl_role_department where ROLE_ID = #{roleId:CHAR}</delete>
  <insert id="insertByRoleAndDep" parameterType="com.i2shopping.i2work.operation.core.role.model.RoleAndDep">insert into tbl_role_department (Role_ID,DEPARTMENT_ID) values (#{roleId:VARCHAR}, #{departmentId:VARCHAR})</insert>
</mapper>
