<?xml version="1.0" encoding="UTF-8"?>
<!DOCTYPE mapper PUBLIC "-//mybatis.org//DTD Mapper 3.0//EN" "http://mybatis.org/dtd/mybatis-3-mapper.dtd">

<mapper namespace="tbl_attention_info">
  <resultMap id="BaseResultMap" type="com.i2shopping.i2work.operation.core.attention.model.AttentionInfo">
    <!--
      WARNING - This element is automatically generated by Apache iBATIS ibator, do not modify.
      This element was generated on Fri Feb 19 16:35:49 CST 2016.
    -->
    <result column="ATTENTION_ID" property="attentionId" jdbcType="VARCHAR"/>
    <result column="ATTENTION_EMPLOYEE_ID" property="attentionEmployeeId" jdbcType="VARCHAR"/>
    <result column="ISATTENTIONED_EMPLOYEE_ID" property="isattentionedEmployeeId" jdbcType="VARCHAR"/>
    <result column="ATTENTION_TIME" property="attentionTime" jdbcType="TIMESTAMP"/>
    <result column="CANCELATTEND_TIME" property="cancelattendTime" jdbcType="TIMESTAMP"/>
    <result column="REMARK1" property="remark1" jdbcType="VARCHAR"/>
    <result column="REMARK2" property="remark2" jdbcType="VARCHAR"/>
  </resultMap>
  <sql id="Criteria_Where_Clause"> 
    <!--
      WARNING - This element is automatically generated by Apache iBATIS ibator, do not modify.
      This element was generated on Fri Feb 19 16:35:49 CST 2016.
    -->  
    <iterate property="oredCriteria" conjunction="or" prepend="where" removeFirstPrepend="iterate"> 
      <if test="oredCriteria[].valid!= null and oredCriteria[].valid == 'true'.toString()">( 
        <iterate prepend="and" property="oredCriteria[].criteriaWithoutValue" conjunction="and">$oredCriteria[].criteriaWithoutValue[]$</iterate>  
        <iterate prepend="and" property="oredCriteria[].criteriaWithSingleValue" conjunction="and">$oredCriteria[].criteriaWithSingleValue[].condition$ #{oredCriteria[].criteriaWithSingleValue[].value}</iterate>  
        <iterate prepend="and" property="oredCriteria[].criteriaWithListValue" conjunction="and">$oredCriteria[].criteriaWithListValue[].condition$
          <iterate property="oredCriteria[].criteriaWithListValue[].values" open="(" close=")" conjunction=",">#{oredCriteria[].criteriaWithListValue[].values[]}</iterate> 
        </iterate>  
        <iterate prepend="and" property="oredCriteria[].criteriaWithBetweenValue" conjunction="and">$oredCriteria[].criteriaWithBetweenValue[].condition$ #{oredCriteria[].criteriaWithBetweenValue[].values[0]} and #{oredCriteria[].criteriaWithBetweenValue[].values[1]}</iterate> )
      </if> 
    </iterate> 
  </sql>
  <select id="selectByCriteria" resultMap="BaseResultMap" parameterType="com.i2shopping.i2work.operation.core.attention.model.AttentionInfoCriteria"> 
    <!--
      WARNING - This element is automatically generated by Apache iBATIS ibator, do not modify.
      This element was generated on Fri Feb 19 16:35:49 CST 2016.
    --> select ATTENTION_ID, ATTENTION_EMPLOYEE_ID, ISATTENTIONED_EMPLOYEE_ID, ATTENTION_TIME, CANCELATTEND_TIME, REMARK1, REMARK2 from tbl_attention_info
    <if test="_parameter != null"> 
      <include refid="tbl_attention_info.Criteria_Where_Clause"/>  
      <if test="orderByClause != null">order by ${orderByClause}</if> 
    </if> 
  </select>
  <select id="selectByPrimaryKey" resultMap="BaseResultMap" parameterType="com.i2shopping.i2work.operation.core.attention.model.AttentionInfo"> 
    <!--
      WARNING - This element is automatically generated by Apache iBATIS ibator, do not modify.
      This element was generated on Fri Feb 19 16:35:49 CST 2016.
    --> select * from tbl_attention_info where ATTENTION_ID = #{attentionId:VARCHAR}
  </select>
  <!-- 根据关注双方用户信息查询关注ID -->
  <select id="selectAttentionByemployeeId" resultMap="BaseResultMap" parameterType="com.i2shopping.i2work.operation.core.attention.model.AttentionInfo">select * from tbl_attention_info where ATTENTION_EMPLOYEE_ID = #{attentionEmployeeId:VARCHAR}
    <if test="isattentionedEmployeeId != null and isattentionedEmployeeId != ''">ISATTENTIONED_EMPLOYEE_ID = #{isattentionedEmployeeId:VARCHAR}</if> 
  </select>
  <delete id="deleteByPrimaryKey" parameterType="com.i2shopping.i2work.operation.core.attention.model.AttentionInfo"> 
    <!--
      WARNING - This element is automatically generated by Apache iBATIS ibator, do not modify.
      This element was generated on Fri Feb 19 16:35:49 CST 2016.
    --> delete from tbl_attention_info where ATTENTION_ID = #{attentionId:VARCHAR}
  </delete>
  <delete id="deleteByCriteria" parameterType="com.i2shopping.i2work.operation.core.attention.model.AttentionInfoCriteria"> 
    <!--
      WARNING - This element is automatically generated by Apache iBATIS ibator, do not modify.
      This element was generated on Fri Feb 19 16:35:49 CST 2016.
    --> delete from tbl_attention_info 
    <include refid="tbl_attention_info.Criteria_Where_Clause"/> 
  </delete>
  <insert id="insert" parameterType="com.i2shopping.i2work.operation.core.attention.model.AttentionInfo"> 
    <!--
      WARNING - This element is automatically generated by Apache iBATIS ibator, do not modify.
      This element was generated on Fri Feb 19 16:35:49 CST 2016.
    --> insert into tbl_attention_info (ATTENTION_ID, ATTENTION_EMPLOYEE_ID, ISATTENTIONED_EMPLOYEE_ID, ATTENTION_TIME, CANCELATTEND_TIME, REMARK1, REMARK2) values (#{attentionId:VARCHAR}, #{attentionEmployeeId:VARCHAR}, #{isattentionedEmployeeId:VARCHAR}, #{attentionTime:TIMESTAMP}, #{cancelattendTime:TIMESTAMP}, #{remark1:VARCHAR}, #{remark2:VARCHAR})
  </insert>
  <insert id="insertSelective" parameterType="com.i2shopping.i2work.operation.core.attention.model.AttentionInfo"> 
    <!--
      WARNING - This element is automatically generated by Apache iBATIS ibator, do not modify.
      This element was generated on Fri Feb 19 16:35:49 CST 2016.
    --> insert into tbl_attention_info 
    <trim prefix="("> 
      <if test="attentionId != null">ATTENTION_ID ,</if>  
      <if test="attentionEmployeeId != null">ATTENTION_EMPLOYEE_ID ,</if>  
      <if test="isattentionedEmployeeId != null">ISATTENTIONED_EMPLOYEE_ID ,</if>  
      <if test="attentionTime != null">ATTENTION_TIME ,</if>  
      <if test="cancelattendTime != null">CANCELATTEND_TIME ,</if>  
      <if test="remark1 != null">REMARK1 ,</if>  
      <if test="remark2 != null">REMARK2 ,</if> )
    </trim> values 
    <trim prefix="("> 
      <if test="attentionId != null">#{attentionId:VARCHAR} ,</if>  
      <if test="attentionEmployeeId != null">#{attentionEmployeeId:VARCHAR} ,</if>  
      <if test="isattentionedEmployeeId != null">#{isattentionedEmployeeId:VARCHAR} ,</if>  
      <if test="attentionTime != null">#{attentionTime:TIMESTAMP} ,</if>  
      <if test="cancelattendTime != null">#{cancelattendTime:TIMESTAMP} ,</if>  
      <if test="remark1 != null">#{remark1:VARCHAR} ,</if>  
      <if test="remark2 != null">#{remark2:VARCHAR} ,</if> )
    </trim> 
  </insert>
  <select id="countByCriteria" parameterType="com.i2shopping.i2work.operation.core.attention.model.AttentionInfoCriteria" resultType="java.lang.Integer"> 
    <!--
      WARNING - This element is automatically generated by Apache iBATIS ibator, do not modify.
      This element was generated on Fri Feb 19 16:35:49 CST 2016.
    --> select count(*) from tbl_attention_info 
    <include refid="tbl_attention_info.Criteria_Where_Clause"/> 
  </select>
  <update id="updateByCriteriaSelective"> 
    <!--
      WARNING - This element is automatically generated by Apache iBATIS ibator, do not modify.
      This element was generated on Fri Feb 19 16:35:49 CST 2016.
    --> update tbl_attention_info
    <trim prefix="set"> 
      <if test="record.attentionId != null">ATTENTION_ID = #{record.attentionId:VARCHAR} ,</if>  
      <if test="record.attentionEmployeeId != null">ATTENTION_EMPLOYEE_ID = #{record.attentionEmployeeId:VARCHAR} ,</if>  
      <if test="record.isattentionedEmployeeId != null">ISATTENTIONED_EMPLOYEE_ID = #{record.isattentionedEmployeeId:VARCHAR} ,</if>  
      <if test="record.attentionTime != null">ATTENTION_TIME = #{record.attentionTime:TIMESTAMP} ,</if>  
      <if test="record.cancelattendTime != null">CANCELATTEND_TIME = #{record.cancelattendTime:TIMESTAMP} ,</if>  
      <if test="record.remark1 != null">REMARK1 = #{record.remark1:VARCHAR} ,</if>  
      <if test="record.remark2 != null">REMARK2 = #{record.remark2:VARCHAR} ,</if> 
    </trim>  
    <if test="_parameter != null"> 
      <include refid="tbl_attention_info.Criteria_Where_Clause"/> 
    </if> 
  </update>
  <update id="updateByCriteria"> 
    <!--
      WARNING - This element is automatically generated by Apache iBATIS ibator, do not modify.
      This element was generated on Fri Feb 19 16:35:49 CST 2016.
    --> update tbl_attention_info set ATTENTION_ID = #{record.attentionId:VARCHAR}, ATTENTION_EMPLOYEE_ID = #{record.attentionEmployeeId:VARCHAR}, ISATTENTIONED_EMPLOYEE_ID = #{record.isattentionedEmployeeId:VARCHAR}, ATTENTION_TIME = #{record.attentionTime:TIMESTAMP}, CANCELATTEND_TIME = #{record.cancelattendTime:TIMESTAMP}, REMARK1 = #{record.remark1:VARCHAR}, REMARK2 = #{record.remark2:VARCHAR}
    <if test="_parameter != null"> 
      <include refid="tbl_attention_info.Criteria_Where_Clause"/> 
    </if> 
  </update>
  <update id="updateByPrimaryKeySelective" parameterType="com.i2shopping.i2work.operation.core.attention.model.AttentionInfo"> 
    <!--
      WARNING - This element is automatically generated by Apache iBATIS ibator, do not modify.
      This element was generated on Fri Feb 19 16:35:49 CST 2016.
    --> update tbl_attention_info 
    <trim prefix="set"> 
      <if test="attentionEmployeeId != null">ATTENTION_EMPLOYEE_ID = #{attentionEmployeeId:VARCHAR} ,</if>  
      <if test="isattentionedEmployeeId != null">ISATTENTIONED_EMPLOYEE_ID = #{isattentionedEmployeeId:VARCHAR} ,</if>  
      <if test="attentionTime != null">ATTENTION_TIME = #{attentionTime:TIMESTAMP} ,</if>  
      <if test="cancelattendTime != null">CANCELATTEND_TIME = #{cancelattendTime:TIMESTAMP} ,</if>  
      <if test="remark1 != null">REMARK1 = #{remark1:VARCHAR} ,</if>  
      <if test="remark2 != null">REMARK2 = #{remark2:VARCHAR} ,</if> 
    </trim> where ATTENTION_ID = #{attentionId:VARCHAR}
  </update>
  <update id="updateByPrimaryKey" parameterType="com.i2shopping.i2work.operation.core.attention.model.AttentionInfo"> 
    <!--
      WARNING - This element is automatically generated by Apache iBATIS ibator, do not modify.
      This element was generated on Fri Feb 19 16:35:49 CST 2016.
    --> update tbl_attention_info set ATTENTION_EMPLOYEE_ID = #{attentionEmployeeId:VARCHAR}, ISATTENTIONED_EMPLOYEE_ID = #{isattentionedEmployeeId:VARCHAR}, ATTENTION_TIME = #{attentionTime:TIMESTAMP}, CANCELATTEND_TIME = #{cancelattendTime:TIMESTAMP}, REMARK1 = #{remark1:VARCHAR}, REMARK2 = #{remark2:VARCHAR} where ATTENTION_ID = #{attentionId:VARCHAR}
  </update>
</mapper>
