<?xml version="1.0" encoding="UTF-8"?>
<!DOCTYPE mapper PUBLIC "-//mybatis.org//DTD Mapper 3.0//EN" "http://mybatis.org/dtd/mybatis-3-mapper.dtd">

<mapper namespace="tbl_customer_info">
  <!--<resultMap id="BaseResultMap" class="com.i2shopping.i2work.operation.core.customer.model.CustomerInfo" >
    <result column="CUSTOMER_ID" property="customerId" jdbcType="VARCHAR" />
    <result column="CUSTOMER_NAME" property="customerName" jdbcType="VARCHAR" />
    <result column="CUSTOMER_GRADE" property="customerGrade" jdbcType="CHAR" />
    <result column="EMAIL" property="email" jdbcType="VARCHAR" />
    <result column="MOBILE" property="mobile" jdbcType="CHAR" />
    <result column="CARDID" property="cardid" jdbcType="VARCHAR" />
    <result column="IMAGE_ID" property="imageId" jdbcType="VARCHAR" />
    <result column="SEX" property="sex" jdbcType="CHAR" />
    <result column="BEYOND_COMPANY" property="beyondCompany" jdbcType="VARCHAR" />
  </resultMap>

  <resultMap id="BaseResultMapEx" extends="BaseResultMap" class="com.i2shopping.i2work.operation.core.customer.model.CustomerInfo" >
  	<result column="project_name" property="projectName" jdbcType="VARCHAR" />
  	<result column="contract_no" property="contractNo" jdbcType="VARCHAR" />
  </resultMap>
  <sql id="customerinfo_Where_Clause">
    <isNotEmpty prepend="and" property="email">
      TBL_CUSTOMER_INFO.EMAIL =#{email:VARCHAR}
    </isNotEmpty>
    <isNotEmpty prepend="and" property="cardid">
      TBL_CUSTOMER_INFO.CARDID =#{cardid:VARCHAR}
    </isNotEmpty>
  </sql>
  <sql id="Criteria_Where_Clause" >
    &lt;!&ndash;
      WARNING - This element is automatically generated by Apache iBATIS ibator, do not modify.
      This element was generated on Thu Sep 03 13:35:17 CST 2015.
    &ndash;&gt;
    <iterate property="oredCriteria" conjunction="or" prepend="where" removeFirstPrepend="iterate" >
      <isEqual property="oredCriteria[].valid" compareValue="true" >
        (
        <iterate prepend="and" property="oredCriteria[].criteriaWithoutValue" conjunction="and" >
          $oredCriteria[].criteriaWithoutValue[]$
        </iterate>
        <iterate prepend="and" property="oredCriteria[].criteriaWithSingleValue" conjunction="and" >
          $oredCriteria[].criteriaWithSingleValue[].condition$
            #{oredCriteria[].criteriaWithSingleValue[].value}
        </iterate>
        <iterate prepend="and" property="oredCriteria[].criteriaWithListValue" conjunction="and" >
          $oredCriteria[].criteriaWithListValue[].condition$
          <iterate property="oredCriteria[].criteriaWithListValue[].values" open="(" close=")" conjunction="," >
            #{oredCriteria[].criteriaWithListValue[].values[]}
          </iterate>
        </iterate>
        <iterate prepend="and" property="oredCriteria[].criteriaWithBetweenValue" conjunction="and" >
          $oredCriteria[].criteriaWithBetweenValue[].condition$
          #{oredCriteria[].criteriaWithBetweenValue[].values[0]} and
          #{oredCriteria[].criteriaWithBetweenValue[].values[1]}
        </iterate>
        )
      </isEqual>
    </iterate>
  </sql>
  <select id="selectByCriteria" resultMap="BaseResultMap" parameterType="com.i2shopping.i2work.operation.core.customer.model.CustomerInfoCriteria" >
    &lt;!&ndash;
      WARNING - This element is automatically generated by Apache iBATIS ibator, do not modify.
      This element was generated on Thu Sep 03 13:35:17 CST 2015.
    &ndash;&gt;
    select CUSTOMER_ID, CUSTOMER_NAME, CUSTOMER_GRADE, EMAIL, MOBILE, CARDID, IMAGE_ID, SEX,
      BEYOND_COMPANY
    from tbl_customer_info
    <isParameterPresent >
      <include refid="tbl_customer_info.Criteria_Where_Clause" />
      <isNotNull property="orderByClause" >
        order by ${orderByClause}
      </isNotNull>
    </isParameterPresent>
  </select>

  <select id="selectCustomerInfoList" resultMap="BaseResultMap" parameterType="com.i2shopping.i2work.operation.core.customer.model.CustomerInfo" >
  	select CUSTOMER_ID, CUSTOMER_NAME, CUSTOMER_GRADE, EMAIL, MOBILE, CARDID, IMAGE_ID, SEX,
      BEYOND_COMPANY
    from tbl_customer_info
  </select>

  <select id="selectByPrimaryKey" resultMap="BaseResultMap" parameterType="com.i2shopping.i2work.operation.core.customer.model.CustomerInfo" >
    &lt;!&ndash;
      WARNING - This element is automatically generated by Apache iBATIS ibator, do not modify.
      This element was generated on Thu Sep 03 13:35:17 CST 2015.
    &ndash;&gt;
    select CUSTOMER_ID, CUSTOMER_NAME, CUSTOMER_GRADE, EMAIL, MOBILE, CARDID, IMAGE_ID, SEX,
      BEYOND_COMPANY
    from tbl_customer_info
    where CUSTOMER_ID = #{customerId:VARCHAR}
  </select>
  <delete id="deleteByPrimaryKey" parameterType="com.i2shopping.i2work.operation.core.customer.model.CustomerInfo" >
    &lt;!&ndash;
      WARNING - This element is automatically generated by Apache iBATIS ibator, do not modify.
      This element was generated on Thu Sep 03 13:35:17 CST 2015.
    &ndash;&gt;
    delete from tbl_customer_info
    where CUSTOMER_ID = #{customerId:VARCHAR}
  </delete>
  <delete id="deleteByCriteria" parameterType="com.i2shopping.i2work.operation.core.customer.model.CustomerInfoCriteria" >
    &lt;!&ndash;
      WARNING - This element is automatically generated by Apache iBATIS ibator, do not modify.
      This element was generated on Thu Sep 03 13:35:17 CST 2015.
    &ndash;&gt;
    delete from tbl_customer_info
    <include refid="tbl_customer_info.Criteria_Where_Clause" />
  </delete>
  <insert id="insert" parameterType="com.i2shopping.i2work.operation.core.customer.model.CustomerInfo" >
    &lt;!&ndash;
      WARNING - This element is automatically generated by Apache iBATIS ibator, do not modify.
      This element was generated on Thu Sep 03 13:35:17 CST 2015.
    &ndash;&gt;
    insert into tbl_customer_info (CUSTOMER_ID, CUSTOMER_NAME, CUSTOMER_GRADE, EMAIL, MOBILE,
      CARDID, IMAGE_ID, SEX, BEYOND_COMPANY)
    values (#{customerId:VARCHAR}, #{customerName:VARCHAR}, #{customerGrade:CHAR}, #{email:VARCHAR},
      #{mobile:CHAR}, #{cardid:VARCHAR}, #{imageId:VARCHAR}, #{sex:CHAR}, #{beyondCompany:VARCHAR})
  </insert>
  <insert id="insertSelective" parameterType="com.i2shopping.i2work.operation.core.customer.model.CustomerInfo" >
    &lt;!&ndash;
      WARNING - This element is automatically generated by Apache iBATIS ibator, do not modify.
      This element was generated on Thu Sep 03 13:35:17 CST 2015.
    &ndash;&gt;
    insert into tbl_customer_info
    <dynamic prepend="(" >
      <isNotNull prepend="," property="customerId" >
        CUSTOMER_ID
      </isNotNull>
      <isNotNull prepend="," property="customerName" >
        CUSTOMER_NAME
      </isNotNull>
      <isNotNull prepend="," property="customerGrade" >
        CUSTOMER_GRADE
      </isNotNull>
      <isNotNull prepend="," property="email" >
        EMAIL
      </isNotNull>
      <isNotNull prepend="," property="mobile" >
        MOBILE
      </isNotNull>
      <isNotNull prepend="," property="cardid" >
        CARDID
      </isNotNull>
      <isNotNull prepend="," property="imageId" >
        IMAGE_ID
      </isNotNull>
      <isNotNull prepend="," property="sex" >
        SEX
      </isNotNull>
      <isNotNull prepend="," property="beyondCompany" >
        BEYOND_COMPANY
      </isNotNull>
      )
    </dynamic>
    values
    <dynamic prepend="(" >
      <isNotNull prepend="," property="customerId" >
        #{customerId:VARCHAR}
      </isNotNull>
      <isNotNull prepend="," property="customerName" >
        #{customerName:VARCHAR}
      </isNotNull>
      <isNotNull prepend="," property="customerGrade" >
        #{customerGrade:CHAR}
      </isNotNull>
      <isNotNull prepend="," property="email" >
        #{email:VARCHAR}
      </isNotNull>
      <isNotNull prepend="," property="mobile" >
        #{mobile:CHAR}
      </isNotNull>
      <isNotNull prepend="," property="cardid" >
        #{cardid:VARCHAR}
      </isNotNull>
      <isNotNull prepend="," property="imageId" >
        #{imageId:VARCHAR}
      </isNotNull>
      <isNotNull prepend="," property="sex" >
        #{sex:CHAR}
      </isNotNull>
      <isNotNull prepend="," property="beyondCompany" >
        #{beyondCompany:VARCHAR}
      </isNotNull>
      )
    </dynamic>
  </insert>
  <select id="countByCriteria" parameterType="com.i2shopping.i2work.operation.core.customer.model.CustomerInfoCriteria" resultType="java.lang.Integer" >
    &lt;!&ndash;
      WARNING - This element is automatically generated by Apache iBATIS ibator, do not modify.
      This element was generated on Thu Sep 03 13:35:17 CST 2015.
    &ndash;&gt;
    select count(*) from tbl_customer_info
    <include refid="tbl_customer_info.Criteria_Where_Clause" />
  </select>
  <update id="updateByCriteriaSelective" >
    &lt;!&ndash;
      WARNING - This element is automatically generated by Apache iBATIS ibator, do not modify.
      This element was generated on Thu Sep 03 13:35:17 CST 2015.
    &ndash;&gt;
    update tbl_customer_info
    <dynamic prepend="set" >
      <isNotNull prepend="," property="record.customerId" >
        CUSTOMER_ID = #{record.customerId:VARCHAR}
      </isNotNull>
      <isNotNull prepend="," property="record.customerName" >
        CUSTOMER_NAME = #{record.customerName:VARCHAR}
      </isNotNull>
      <isNotNull prepend="," property="record.customerGrade" >
        CUSTOMER_GRADE = #{record.customerGrade:CHAR}
      </isNotNull>
      <isNotNull prepend="," property="record.email" >
        EMAIL = #{record.email:VARCHAR}
      </isNotNull>
      <isNotNull prepend="," property="record.mobile" >
        MOBILE = #{record.mobile:CHAR}
      </isNotNull>
      <isNotNull prepend="," property="record.cardid" >
        CARDID = #{record.cardid:VARCHAR}
      </isNotNull>
      <isNotNull prepend="," property="record.imageId" >
        IMAGE_ID = #{record.imageId:VARCHAR}
      </isNotNull>
      <isNotNull prepend="," property="record.sex" >
        SEX = #{record.sex:CHAR}
      </isNotNull>
      <isNotNull prepend="," property="record.beyondCompany" >
        BEYOND_COMPANY = #{record.beyondCompany:VARCHAR}
      </isNotNull>
    </dynamic>
    <isParameterPresent >
      <include refid="tbl_customer_info.Criteria_Where_Clause" />
    </isParameterPresent>
  </update>
  <update id="updateByCriteria" >
    &lt;!&ndash;
      WARNING - This element is automatically generated by Apache iBATIS ibator, do not modify.
      This element was generated on Thu Sep 03 13:35:17 CST 2015.
    &ndash;&gt;
    update tbl_customer_info
    set CUSTOMER_ID = #{record.customerId:VARCHAR},
      CUSTOMER_NAME = #{record.customerName:VARCHAR},
      CUSTOMER_GRADE = #{record.customerGrade:CHAR},
      EMAIL = #{record.email:VARCHAR},
      MOBILE = #{record.mobile:CHAR},
      CARDID = #{record.cardid:VARCHAR},
      IMAGE_ID = #{record.imageId:VARCHAR},
      SEX = #{record.sex:CHAR},
      BEYOND_COMPANY = #{record.beyondCompany:VARCHAR}
    <isParameterPresent >
      <include refid="tbl_customer_info.Criteria_Where_Clause" />
    </isParameterPresent>
  </update>
  <update id="updateByPrimaryKeySelective" parameterType="com.i2shopping.i2work.operation.core.customer.model.CustomerInfo" >
    &lt;!&ndash;
      WARNING - This element is automatically generated by Apache iBATIS ibator, do not modify.
      This element was generated on Thu Sep 03 13:35:17 CST 2015.
    &ndash;&gt;
    update tbl_customer_info
    <dynamic prepend="set" >
      <isNotNull prepend="," property="customerName" >
        CUSTOMER_NAME = #{customerName:VARCHAR}
      </isNotNull>
      <isNotNull prepend="," property="customerGrade" >
        CUSTOMER_GRADE = #{customerGrade:CHAR}
      </isNotNull>
      <isNotNull prepend="," property="email" >
        EMAIL = #{email:VARCHAR}
      </isNotNull>
      <isNotNull prepend="," property="mobile" >
        MOBILE = #{mobile:CHAR}
      </isNotNull>
      <isNotNull prepend="," property="cardid" >
        CARDID = #{cardid:VARCHAR}
      </isNotNull>
      <isNotNull prepend="," property="imageId" >
        IMAGE_ID = #{imageId:VARCHAR}
      </isNotNull>
      <isNotNull prepend="," property="sex" >
        SEX = #{sex:CHAR}
      </isNotNull>
      <isNotNull prepend="," property="beyondCompany" >
        BEYOND_COMPANY = #{beyondCompany:VARCHAR}
      </isNotNull>
    </dynamic>
    where CUSTOMER_ID = #{customerId:VARCHAR}
  </update>
  <update id="updateByPrimaryKey" parameterType="com.i2shopping.i2work.operation.core.customer.model.CustomerInfo" >
    &lt;!&ndash;
      WARNING - This element is automatically generated by Apache iBATIS ibator, do not modify.
      This element was generated on Thu Sep 03 13:35:17 CST 2015.
    &ndash;&gt;
    update tbl_customer_info
    set CUSTOMER_NAME = #{customerName:VARCHAR},
      CUSTOMER_GRADE = #{customerGrade:CHAR},
      EMAIL = #{email:VARCHAR},
      MOBILE = #{mobile:CHAR},
      CARDID = #{cardid:VARCHAR},
      IMAGE_ID = #{imageId:VARCHAR},
      SEX = #{sex:CHAR},
      BEYOND_COMPANY = #{beyondCompany:VARCHAR}
    where CUSTOMER_ID = #{customerId:VARCHAR}
  </update>

  &lt;!&ndash; 查询符合条件的数量 &ndash;&gt;
   <select id="countCustomerInfo" parameterType="com.i2shopping.i2work.operation.core.customer.model.CustomerInfo" resultType="java.lang.Integer" >
  		select count(*) from tbl_customer_info customer
		where 1=1
		<isNotEmpty prepend="and" property="customerName">
				customer.CUSTOMER_NAME = #{customerName:VARCHAR}
      </isNotEmpty>

   </select>
  &lt;!&ndash; 查询符合条件的信息 &ndash;&gt;
  <select id="selectCustomerInfoByPage" parameterType="com.i2shopping.i2work.operation.core.customer.model.CustomerInfo" resultMap="BaseResultMap">
  	select customer.* from tbl_customer_info customer
		where 1=1
		<isNotEmpty prepend="and" property="customerName">
				customer.CUSTOMER_NAME = #{customerName:VARCHAR}
      </isNotEmpty>
  </select>

   &lt;!&ndash; 查询客户项目数量 &ndash;&gt;
   <select id="countCustomerProject" parameterType="com.i2shopping.i2work.operation.core.customer.model.CustomerInfo" resultType="java.lang.Integer" >
  		select count(*) from tbl_customer_info customer, tbl_customer_project_ref cprel , tbl_project_info project
		where customer.customer_id = cprel.customer_id and cprel.contract_no=project.contract_no
		<isNotEmpty prepend="and" property="customerName">
				customer.CUSTOMER_NAME = #{customerName:VARCHAR}
      </isNotEmpty>
      <isNotEmpty prepend="and" property="contractNo">
				project.contract_no = #{contractNo:VARCHAR}
      </isNotEmpty>
   </select>
  &lt;!&ndash; 查询客户项目数据 &ndash;&gt;
  <select id="selectCustomerProjectByPage" parameterType="com.i2shopping.i2work.operation.core.customer.model.CustomerInfo" resultMap="BaseResultMapEx">
  	select customer.*,project.contract_no,project.project_name from tbl_customer_info customer, tbl_customer_project_ref cprel , tbl_project_info project
		where customer.customer_id = cprel.customer_id and cprel.contract_no=project.contract_no
		<isNotEmpty prepend="and" property="customerName">
				customer.CUSTOMER_NAME = #{customerName:VARCHAR}
      </isNotEmpty>
      <isNotEmpty prepend="and" property="contractNo">
				project.contract_no = #{contractNo:VARCHAR}
      </isNotEmpty>
  </select>

  <select id="selectCustomerInfoByParams"  resultMap="BaseResultMap" parameterType="com.i2shopping.i2work.operation.core.customer.model.CustomerInfo">
    SELECT *
    from tbl_customer_info
    <dynamic prepend="where">
      <include refid="tbl_customer_info.customerinfo_Where_Clause"/>
    </dynamic>
  </select>-->
</mapper>
