<?xml version="1.0" encoding="UTF-8"?>
<!DOCTYPE mapper PUBLIC "-//mybatis.org//DTD Mapper 3.0//EN" "http://mybatis.org/dtd/mybatis-3-mapper.dtd">

<mapper namespace="tbl_customer_project_ref">
  <!--<resultMap id="BaseResultMap" class="com.i2shopping.i2work.operation.core.customer.model.CustomerProjectRelKey" >
    &lt;!&ndash;
      WARNING - This element is automatically generated by Apache iBATIS ibator, do not modify.
      This element was generated on Thu Sep 03 20:16:13 CST 2015.
    &ndash;&gt;
    <result column="CONTRACT_NO" property="contractNo" jdbcType="VARCHAR" />
    <result column="CUSTOMER_ID" property="customerId" jdbcType="VARCHAR" />
  </resultMap>
  <sql id="Criteria_Where_Clause" >
    &lt;!&ndash;
      WARNING - This element is automatically generated by Apache iBATIS ibator, do not modify.
      This element was generated on Thu Sep 03 20:16:13 CST 2015.
    &ndash;&gt;
    <iterate property="oredCriteria" conjunction="or" prepend="where" removeFirstPrepend="iterate" >
      <isEqual property="oredCriteria[].valid" compareValue="true" >
        (
        <iterate prepend="and" property="oredCriteria[].criteriaWithoutValue" conjunction="and" >
          $oredCriteria[].criteriaWithoutValue[]$
        </iterate>
        <iterate prepend="and" property="oredCriteria[].criteriaWithSingleValue" conjunction="and" >
          $oredCriteria[].criteriaWithSingleValue[].condition$
            #{oredCriteria[].criteriaWithSingleValue[].value}
        </iterate>
        <iterate prepend="and" property="oredCriteria[].criteriaWithListValue" conjunction="and" >
          $oredCriteria[].criteriaWithListValue[].condition$
          <iterate property="oredCriteria[].criteriaWithListValue[].values" open="(" close=")" conjunction="," >
            #{oredCriteria[].criteriaWithListValue[].values[]}
          </iterate>
        </iterate>
        <iterate prepend="and" property="oredCriteria[].criteriaWithBetweenValue" conjunction="and" >
          $oredCriteria[].criteriaWithBetweenValue[].condition$
          #{oredCriteria[].criteriaWithBetweenValue[].values[0]} and
          #{oredCriteria[].criteriaWithBetweenValue[].values[1]}
        </iterate>
        )
      </isEqual>
    </iterate>
  </sql>
  
  
  
  <select id="selectByCustomerProjectRel" resultMap="BaseResultMap" parameterType="com.i2shopping.i2work.operation.core.customer.model.CustomerProjectRelKey" >
      select CONTRACT_NO, CUSTOMER_ID
    from tbl_customer_project_ref
    where CONTRACT_NO = #{contractNo:VARCHAR}
	and CUSTOMER_ID = #{customerId:VARCHAR}
  </select>
      
  <select id="selectByCriteria" resultMap="BaseResultMap" parameterType="com.i2shopping.i2work.operation.core.customer.model.CustomerProjectRelCriteria" >
    &lt;!&ndash;
      WARNING - This element is automatically generated by Apache iBATIS ibator, do not modify.
      This element was generated on Thu Sep 03 20:16:13 CST 2015.
    &ndash;&gt;
    select CONTRACT_NO, CUSTOMER_ID
    from tbl_customer_project_ref
    <isParameterPresent >
      <include refid="tbl_customer_project_ref.Criteria_Where_Clause" />
      <isNotNull property="orderByClause" >
        order by ${orderByClause}
      </isNotNull>
    </isParameterPresent>
  </select>
  <delete id="deleteByPrimaryKey" parameterType="com.i2shopping.i2work.operation.core.customer.model.CustomerProjectRelKey" >
    &lt;!&ndash;
      WARNING - This element is automatically generated by Apache iBATIS ibator, do not modify.
      This element was generated on Thu Sep 03 20:16:13 CST 2015.
    &ndash;&gt;
    delete from tbl_customer_project_ref
    where 1=1
    <isNotNull prepend="and" property="contractNo" >
         CONTRACT_NO = #{contractNo:VARCHAR}
      </isNotNull>
      <isNotNull prepend="and" property="customerId" >
       CUSTOMER_ID = #{customerId:VARCHAR}
      </isNotNull>
  </delete>
  <delete id="deleteByCriteria" parameterType="com.i2shopping.i2work.operation.core.customer.model.CustomerProjectRelCriteria" >
    &lt;!&ndash;
      WARNING - This element is automatically generated by Apache iBATIS ibator, do not modify.
      This element was generated on Thu Sep 03 20:16:13 CST 2015.
    &ndash;&gt;
    delete from tbl_customer_project_ref
    <include refid="tbl_customer_project_ref.Criteria_Where_Clause" />
  </delete>
  <insert id="insert" parameterType="com.i2shopping.i2work.operation.core.customer.model.CustomerProjectRelKey" >
    &lt;!&ndash;
      WARNING - This element is automatically generated by Apache iBATIS ibator, do not modify.
      This element was generated on Thu Sep 03 20:16:13 CST 2015.
    &ndash;&gt;
    insert into tbl_customer_project_ref (CONTRACT_NO, CUSTOMER_ID)
    values (#{contractNo:VARCHAR}, #{customerId:VARCHAR})
  </insert>
  <insert id="insertSelective" parameterType="com.i2shopping.i2work.operation.core.customer.model.CustomerProjectRelKey" >
    &lt;!&ndash;
      WARNING - This element is automatically generated by Apache iBATIS ibator, do not modify.
      This element was generated on Thu Sep 03 20:16:13 CST 2015.
    &ndash;&gt;
    insert into tbl_customer_project_ref
    <dynamic prepend="(" >
      <isNotNull prepend="," property="contractNo" >
        CONTRACT_NO
      </isNotNull>
      <isNotNull prepend="," property="customerId" >
        CUSTOMER_ID
      </isNotNull>
      )
    </dynamic>
    values
    <dynamic prepend="(" >
      <isNotNull prepend="," property="contractNo" >
        #{contractNo:VARCHAR}
      </isNotNull>
      <isNotNull prepend="," property="customerId" >
        #{customerId:VARCHAR}
      </isNotNull>
      )
    </dynamic>
  </insert>
  <select id="countByCriteria" parameterType="com.i2shopping.i2work.operation.core.customer.model.CustomerProjectRelCriteria" resultType="java.lang.Integer" >
    &lt;!&ndash;
      WARNING - This element is automatically generated by Apache iBATIS ibator, do not modify.
      This element was generated on Thu Sep 03 20:16:13 CST 2015.
    &ndash;&gt;
    select count(*) from tbl_customer_project_ref
    <include refid="tbl_customer_project_ref.Criteria_Where_Clause" />
  </select>
  <update id="updateByCriteriaSelective" >
    &lt;!&ndash;
      WARNING - This element is automatically generated by Apache iBATIS ibator, do not modify.
      This element was generated on Thu Sep 03 20:16:13 CST 2015.
    &ndash;&gt;
    update tbl_customer_project_ref
    <dynamic prepend="set" >
      <isNotNull prepend="," property="record.contractNo" >
        CONTRACT_NO = #{record.contractNo:VARCHAR}
      </isNotNull>
      <isNotNull prepend="," property="record.customerId" >
        CUSTOMER_ID = #{record.customerId:VARCHAR}
      </isNotNull>
    </dynamic>
    <isParameterPresent >
      <include refid="tbl_customer_project_ref.Criteria_Where_Clause" />
    </isParameterPresent>
  </update>
  <update id="updateByCriteria" >
    &lt;!&ndash;
      WARNING - This element is automatically generated by Apache iBATIS ibator, do not modify.
      This element was generated on Thu Sep 03 20:16:13 CST 2015.
    &ndash;&gt;
    update tbl_customer_project_ref
    set CONTRACT_NO = #{record.contractNo:VARCHAR},
      CUSTOMER_ID = #{record.customerId:VARCHAR}
    <isParameterPresent >
      <include refid="tbl_customer_project_ref.Criteria_Where_Clause" />
    </isParameterPresent>
  </update>-->
</mapper>
