<?xml version="1.0" encoding="UTF-8"?>
<!DOCTYPE mapper PUBLIC "-//mybatis.org//DTD Mapper 3.0//EN" "http://mybatis.org/dtd/mybatis-3-mapper.dtd">

<mapper namespace="tbl_lottery_activity">
  <resultMap id="BaseResultMap" type="com.i2shopping.i2work.operation.core.lotteryActivity.model.LotteryActivity">
    <!--
      WARNING - This element is automatically generated by Apache iBATIS ibator, do not modify.
      This element was generated on Mon Jan 11 18:16:29 CST 2016.
    -->
    <result column="employee_id" property="employeeId" jdbcType="VARCHAR"/>
    <result column="employee_name" property="employeeName" jdbcType="VARCHAR"/>
    <result column="employee_dept" property="employeeDept" jdbcType="VARCHAR"/>
    <result column="employee_url" property="employeeUrl" jdbcType="VARCHAR"/>
    <result column="employee_sign_status" property="employeeSignStatus" jdbcType="CHAR"/>
    <result column="employee_award_status" property="employeeAwardStatus" jdbcType="CHAR"/>
    <result column="employee_mount" property="employeeMount" jdbcType="CHAR"/>
    <result column="remark1" property="remark1" jdbcType="VARCHAR"/>
    <result column="remark2" property="remark2" jdbcType="VARCHAR"/>
  </resultMap>
  <sql id="Criteria_Where_Clause"> 
    <!--
      WARNING - This element is automatically generated by Apache iBATIS ibator, do not modify.
      This element was generated on Mon Jan 11 18:16:29 CST 2016.
    -->  
    <iterate property="oredCriteria" conjunction="or" prepend="where" removeFirstPrepend="iterate"> 
      <if test="oredCriteria[].valid!= null and oredCriteria[].valid == 'true'.toString()">( 
        <iterate prepend="and" property="oredCriteria[].criteriaWithoutValue" conjunction="and">$oredCriteria[].criteriaWithoutValue[]$</iterate>  
        <iterate prepend="and" property="oredCriteria[].criteriaWithSingleValue" conjunction="and">$oredCriteria[].criteriaWithSingleValue[].condition$ #{oredCriteria[].criteriaWithSingleValue[].value}</iterate>  
        <iterate prepend="and" property="oredCriteria[].criteriaWithListValue" conjunction="and">$oredCriteria[].criteriaWithListValue[].condition$
          <iterate property="oredCriteria[].criteriaWithListValue[].values" open="(" close=")" conjunction=",">#{oredCriteria[].criteriaWithListValue[].values[]}</iterate> 
        </iterate>  
        <iterate prepend="and" property="oredCriteria[].criteriaWithBetweenValue" conjunction="and">$oredCriteria[].criteriaWithBetweenValue[].condition$ #{oredCriteria[].criteriaWithBetweenValue[].values[0]} and #{oredCriteria[].criteriaWithBetweenValue[].values[1]}</iterate> )
      </if> 
    </iterate> 
  </sql>
  <select id="selectByCriteria" resultMap="BaseResultMap" parameterType="com.i2shopping.i2work.operation.core.lotteryActivity.model.LotteryActivityCriteria"> 
    <!--
      WARNING - This element is automatically generated by Apache iBATIS ibator, do not modify.
      This element was generated on Mon Jan 11 18:16:29 CST 2016.
    --> select employee_id, employee_name, employee_dept, employee_url, employee_sign_status, employee_award_status, employee_mount, remark1, remark2 from tbl_lottery_activity
    <if test="_parameter != null"> 
      <include refid="tbl_lottery_activity.Criteria_Where_Clause"/>  
      <if test="orderByClause != null">order by ${orderByClause}</if> 
    </if> 
  </select>
  <select id="selectByPrimaryKey" resultMap="BaseResultMap" parameterType="com.i2shopping.i2work.operation.core.lotteryActivity.model.LotteryActivity"> 
    <!--
      WARNING - This element is automatically generated by Apache iBATIS ibator, do not modify.
      This element was generated on Mon Jan 11 18:16:29 CST 2016.
    --> select employee_id, employee_name, employee_dept, employee_url, employee_sign_status, employee_award_status, employee_mount, remark1, remark2 from tbl_lottery_activity where employee_id = #{employeeId:VARCHAR}
  </select>
  <delete id="deleteByPrimaryKey" parameterType="com.i2shopping.i2work.operation.core.lotteryActivity.model.LotteryActivity"> 
    <!--
      WARNING - This element is automatically generated by Apache iBATIS ibator, do not modify.
      This element was generated on Mon Jan 11 18:16:29 CST 2016.
    --> delete from tbl_lottery_activity where employee_id = #{employeeId:VARCHAR}
  </delete>
  <delete id="deleteByCriteria" parameterType="com.i2shopping.i2work.operation.core.lotteryActivity.model.LotteryActivityCriteria"> 
    <!--
      WARNING - This element is automatically generated by Apache iBATIS ibator, do not modify.
      This element was generated on Mon Jan 11 18:16:29 CST 2016.
    --> delete from tbl_lottery_activity 
    <include refid="tbl_lottery_activity.Criteria_Where_Clause"/> 
  </delete>
  <insert id="insert" parameterType="com.i2shopping.i2work.operation.core.lotteryActivity.model.LotteryActivity"> 
    <!--
      WARNING - This element is automatically generated by Apache iBATIS ibator, do not modify.
      This element was generated on Mon Jan 11 18:16:29 CST 2016.
    --> insert into tbl_lottery_activity (employee_id, employee_name, employee_dept, employee_url, employee_sign_status, employee_award_status, employee_mount, remark1, remark2) values (#{employeeId:VARCHAR}, #{employeeName:VARCHAR}, #{employeeDept:VARCHAR}, #{employeeUrl:VARCHAR}, #{employeeSignStatus:CHAR}, #{employeeAwardStatus:CHAR}, #{employeeMount:CHAR}, #{remark1:VARCHAR}, #{remark2:VARCHAR})
  </insert>
  <insert id="insertSelective" parameterType="com.i2shopping.i2work.operation.core.lotteryActivity.model.LotteryActivity"> 
    <!--
      WARNING - This element is automatically generated by Apache iBATIS ibator, do not modify.
      This element was generated on Mon Jan 11 18:16:29 CST 2016.
    --> insert into tbl_lottery_activity 
    <trim prefix="("> 
      <if test="employeeId != null">employee_id ,</if>  
      <if test="employeeName != null">employee_name ,</if>  
      <if test="employeeDept != null">employee_dept ,</if>  
      <if test="employeeUrl != null">employee_url ,</if>  
      <if test="employeeSignStatus != null">employee_sign_status ,</if>  
      <if test="employeeAwardStatus != null">employee_award_status ,</if>  
      <if test="employeeMount != null">employee_mount ,</if>  
      <if test="remark1 != null">remark1 ,</if>  
      <if test="remark2 != null">remark2 ,</if> )
    </trim> values 
    <trim prefix="("> 
      <if test="employeeId != null">#{employeeId:VARCHAR} ,</if>  
      <if test="employeeName != null">#{employeeName:VARCHAR} ,</if>  
      <if test="employeeDept != null">#{employeeDept:VARCHAR} ,</if>  
      <if test="employeeUrl != null">#{employeeUrl:VARCHAR} ,</if>  
      <if test="employeeSignStatus != null">#{employeeSignStatus:CHAR} ,</if>  
      <if test="employeeAwardStatus != null">#{employeeAwardStatus:CHAR} ,</if>  
      <if test="employeeMount != null">#{employeeMount:CHAR} ,</if>  
      <if test="remark1 != null">#{remark1:VARCHAR} ,</if>  
      <if test="remark2 != null">#{remark2:VARCHAR} ,</if> )
    </trim> 
  </insert>
  <select id="countByCriteria" parameterType="com.i2shopping.i2work.operation.core.lotteryActivity.model.LotteryActivityCriteria" resultType="java.lang.Integer"> 
    <!--
      WARNING - This element is automatically generated by Apache iBATIS ibator, do not modify.
      This element was generated on Mon Jan 11 18:16:29 CST 2016.
    --> select count(*) from tbl_lottery_activity 
    <include refid="tbl_lottery_activity.Criteria_Where_Clause"/> 
  </select>
  <update id="updateByCriteriaSelective"> 
    <!--
      WARNING - This element is automatically generated by Apache iBATIS ibator, do not modify.
      This element was generated on Mon Jan 11 18:16:29 CST 2016.
    --> update tbl_lottery_activity 
    <trim prefix="set"> 
      <if test="record.employeeId != null">employee_id = #{record.employeeId:VARCHAR} ,</if>  
      <if test="record.employeeName != null">employee_name = #{record.employeeName:VARCHAR} ,</if>  
      <if test="record.employeeDept != null">employee_dept = #{record.employeeDept:VARCHAR} ,</if>  
      <if test="record.employeeUrl != null">employee_url = #{record.employeeUrl:VARCHAR} ,</if>  
      <if test="record.employeeSignStatus != null">employee_sign_status = #{record.employeeSignStatus:CHAR} ,</if>  
      <if test="record.employeeAwardStatus != null">employee_award_status = #{record.employeeAwardStatus:CHAR} ,</if>  
      <if test="record.employeeMount != null">employee_mount = #{record.employeeMount:CHAR} ,</if>  
      <if test="record.remark1 != null">remark1 = #{record.remark1:VARCHAR} ,</if>  
      <if test="record.remark2 != null">remark2 = #{record.remark2:VARCHAR} ,</if> 
    </trim>  
    <if test="_parameter != null"> 
      <include refid="tbl_lottery_activity.Criteria_Where_Clause"/> 
    </if> 
  </update>
  <update id="updateByCriteria"> 
    <!--
      WARNING - This element is automatically generated by Apache iBATIS ibator, do not modify.
      This element was generated on Mon Jan 11 18:16:29 CST 2016.
    --> update tbl_lottery_activity set employee_id = #{record.employeeId:VARCHAR}, employee_name = #{record.employeeName:VARCHAR}, employee_dept = #{record.employeeDept:VARCHAR}, employee_url = #{record.employeeUrl:VARCHAR}, employee_sign_status = #{record.employeeSignStatus:CHAR}, employee_award_status = #{record.employeeAwardStatus:CHAR}, employee_mount = #{record.employeeMount:CHAR}, remark1 = #{record.remark1:VARCHAR}, remark2 = #{record.remark2:VARCHAR}
    <if test="_parameter != null"> 
      <include refid="tbl_lottery_activity.Criteria_Where_Clause"/> 
    </if> 
  </update>
  <update id="updateByPrimaryKeySelective" parameterType="com.i2shopping.i2work.operation.core.lotteryActivity.model.LotteryActivity"> 
    <!--
      WARNING - This element is automatically generated by Apache iBATIS ibator, do not modify.
      This element was generated on Mon Jan 11 18:16:29 CST 2016.
    --> update tbl_lottery_activity 
    <trim prefix="set"> 
      <if test="employeeName != null">employee_name = #{employeeName:VARCHAR} ,</if>  
      <if test="employeeDept != null">employee_dept = #{employeeDept:VARCHAR} ,</if>  
      <if test="employeeUrl != null">employee_url = #{employeeUrl:VARCHAR} ,</if>  
      <if test="employeeSignStatus != null">employee_sign_status = #{employeeSignStatus:CHAR} ,</if>  
      <if test="employeeAwardStatus != null">employee_award_status = #{employeeAwardStatus:CHAR} ,</if>  
      <if test="employeeMount != null">employee_mount = #{employeeMount:CHAR} ,</if>  
      <if test="remark1 != null">remark1 = #{remark1:VARCHAR} ,</if>  
      <if test="remark2 != null">remark2 = #{remark2:VARCHAR} ,</if> 
    </trim> where employee_id = #{employeeId:VARCHAR}
  </update>
  <update id="updateByPrimaryKey" parameterType="com.i2shopping.i2work.operation.core.lotteryActivity.model.LotteryActivity"> 
    <!--
      WARNING - This element is automatically generated by Apache iBATIS ibator, do not modify.
      This element was generated on Mon Jan 11 18:16:29 CST 2016.
    --> update tbl_lottery_activity set employee_name = #{employeeName:VARCHAR}, employee_dept = #{employeeDept:VARCHAR}, employee_url = #{employeeUrl:VARCHAR}, employee_sign_status = #{employeeSignStatus:CHAR}, employee_award_status = #{employeeAwardStatus:CHAR}, employee_mount = #{employeeMount:CHAR}, remark1 = #{remark1:VARCHAR}, remark2 = #{remark2:VARCHAR} where employee_id = #{employeeId:VARCHAR}
  </update>
  <select id="findLotterActivityByLotterId" parameterType="java.lang.String" resultMap="BaseResultMap">select DISTINCT b.* from tbl_respond_content as a ,tbl_lottery_activity as b where a.EMPLOYEE_ID = b.employee_id and a.ORIGINAL_ID =( select tbl_or.ORIGINAL_ID from tbl_original_respond as tbl_or ,tbl_lottery_set as tbl_ls where tbl_or.DESCRIPTION = tbl_ls.lottery_id and tbl_ls.lottery_id = #{lotterByid:VARCHAR} and tbl_or.ORIGINAL_STAT = 1 ) and a.EMPLOYEE_ID NOT in ( SELECT EMPLOYEE_ID FROM tbl_lottery_winner )</select>
</mapper>
