<?xml version="1.0" encoding="UTF-8"?>
<!DOCTYPE mapper PUBLIC "-//mybatis.org//DTD Mapper 3.0//EN" "http://mybatis.org/dtd/mybatis-3-mapper.dtd">

<mapper namespace="tbl_notice_info_person">
  <resultMap id="BaseResultMap" type="com.i2shopping.i2work.operation.core.noticeInfo.model.NoticeInfoPerson">
    <result column="NOTICE_INFO_PERSON_ID" property="noticeInfoPersonId" jdbcType="VARCHAR"/>
    <result column="NOTICE_INFO_ID" property="noticeInfoId" jdbcType="VARCHAR"/>
    <result column="IS_READ" property="isRead" jdbcType="CHAR"/>
    <result column="EMPLOYEE_ID" property="employeeId" jdbcType="VARCHAR"/>
  </resultMap>
  <resultMap id="ExtResultMap" extends="BaseResultMap" type="com.i2shopping.i2work.operation.core.noticeInfo.model.NoticeInfoPerson">
    <association property="noticeInfo" select="tbl_notice_info.selectByNoticeInfoId" column="NOTICE_INFO_ID"/>
  </resultMap>
  <sql id="Criteria_Where_Clause"> 
    <!--
      WARNING - This element is automatically generated by Apache iBATIS ibator, do not modify.
      This element was generated on Sat Jul 04 13:55:22 CST 2015.
    -->  
    <iterate property="oredCriteria" conjunction="or" prepend="where" removeFirstPrepend="iterate"> 
      <if test="oredCriteria[].valid!= null and oredCriteria[].valid == 'true'.toString()">( 
        <iterate prepend="and" property="oredCriteria[].criteriaWithoutValue" conjunction="and">$oredCriteria[].criteriaWithoutValue[]$</iterate>  
        <iterate prepend="and" property="oredCriteria[].criteriaWithSingleValue" conjunction="and">$oredCriteria[].criteriaWithSingleValue[].condition$ #{oredCriteria[].criteriaWithSingleValue[].value}</iterate>  
        <iterate prepend="and" property="oredCriteria[].criteriaWithListValue" conjunction="and">$oredCriteria[].criteriaWithListValue[].condition$
          <iterate property="oredCriteria[].criteriaWithListValue[].values" open="(" close=")" conjunction=",">#{oredCriteria[].criteriaWithListValue[].values[]}</iterate> 
        </iterate>  
        <iterate prepend="and" property="oredCriteria[].criteriaWithBetweenValue" conjunction="and">$oredCriteria[].criteriaWithBetweenValue[].condition$ #{oredCriteria[].criteriaWithBetweenValue[].values[0]} and #{oredCriteria[].criteriaWithBetweenValue[].values[1]}</iterate> )
      </if> 
    </iterate> 
  </sql>
  <sql id="tbl_notice_info_person.notice_Where_Clause"> 
    <if test="noticeInfoPersonId != null and noticeInfoPersonId != ''">and tbl_notice_info_person.NOTICE_INFO_PERSON_ID = #{noticeInfoPersonId:VARCHAR}</if>  
    <if test="noticeInfoId != null and noticeInfoId != ''">and tbl_notice_info_person.NOTICE_INFO_ID = #{noticeInfoId:VARCHAR}</if>  
    <if test="isRead != null and isRead != ''">and tbl_notice_info_person.IS_READ = #{isRead:CHAR}</if>  
    <if test="employeeId != null and employeeId != ''">and tbl_notice_info_person.EMPLOYEE_ID = #{employeeId:CHAR}</if> 
  </sql>
  <!-- 查询公告信息 -->
  <select id="selectNoticeInfoPerson" resultMap="BaseResultMap" parameterType="com.i2shopping.i2work.operation.core.noticeInfo.model.NoticeInfo">select * from tbl_notice_info_person 
    <trim prefix="where"> 
      <include refid="tbl_notice_info_person.notice_Where_Clause"/> 
    </trim> 
  </select>
  <select id="selectByCriteria" resultMap="BaseResultMap" parameterType="com.i2shopping.i2work.operation.core.noticeInfo.model.NoticeInfoPersonCriteria"> 
    <!--
      WARNING - This element is automatically generated by Apache iBATIS ibator, do not modify.
      This element was generated on Sat Jul 04 13:55:22 CST 2015.
    --> select NOTICE_INFO_PERSON_ID, NOTICE_INFO_ID, IS_READ, EMPLOYEE_ID from tbl_notice_info_person
    <if test="_parameter != null"> 
      <include refid="tbl_notice_info_person.Criteria_Where_Clause"/>  
      <if test="orderByClause != null">order by ${orderByClause}</if> 
    </if> 
  </select>
  <select id="selectByPrimaryKey" resultMap="BaseResultMap" parameterType="com.i2shopping.i2work.operation.core.noticeInfo.model.NoticeInfoPerson"> 
    <!--
      WARNING - This element is automatically generated by Apache iBATIS ibator, do not modify.
      This element was generated on Sat Jul 04 13:55:22 CST 2015.
    --> select NOTICE_INFO_PERSON_ID, NOTICE_INFO_ID, IS_READ, EMPLOYEE_ID from tbl_notice_info_person where NOTICE_INFO_PERSON_ID = #{noticeInfoPersonId:VARCHAR}
  </select>
  <delete id="deleteByPrimaryKey" parameterType="com.i2shopping.i2work.operation.core.noticeInfo.model.NoticeInfoPerson"> 
    <!--
      WARNING - This element is automatically generated by Apache iBATIS ibator, do not modify.
      This element was generated on Sat Jul 04 13:55:22 CST 2015.
    --> delete from tbl_notice_info_person where NOTICE_INFO_PERSON_ID = #{noticeInfoPersonId:VARCHAR}
  </delete>
  <delete id="deleteByCriteria" parameterType="com.i2shopping.i2work.operation.core.noticeInfo.model.NoticeInfoPersonCriteria"> 
    <!--
      WARNING - This element is automatically generated by Apache iBATIS ibator, do not modify.
      This element was generated on Sat Jul 04 13:55:22 CST 2015.
    --> delete from tbl_notice_info_person 
    <include refid="tbl_notice_info_person.Criteria_Where_Clause"/> 
  </delete>
  <insert id="insert" parameterType="com.i2shopping.i2work.operation.core.noticeInfo.model.NoticeInfoPerson"> 
    <!--
      WARNING - This element is automatically generated by Apache iBATIS ibator, do not modify.
      This element was generated on Sat Jul 04 13:55:22 CST 2015.
    --> insert into tbl_notice_info_person (NOTICE_INFO_PERSON_ID, NOTICE_INFO_ID, IS_READ, EMPLOYEE_ID) values (#{noticeInfoPersonId:VARCHAR}, #{noticeInfoId:VARCHAR}, #{isRead:CHAR}, #{employeeId:VARCHAR})
  </insert>
  <insert id="insertSelective" parameterType="com.i2shopping.i2work.operation.core.noticeInfo.model.NoticeInfoPerson"> 
    <!--
      WARNING - This element is automatically generated by Apache iBATIS ibator, do not modify.
      This element was generated on Sat Jul 04 13:55:22 CST 2015.
    --> insert into tbl_notice_info_person 
    <trim prefix="("> 
      <if test="noticeInfoPersonId != null">NOTICE_INFO_PERSON_ID ,</if>  
      <if test="noticeInfoId != null">NOTICE_INFO_ID ,</if>  
      <if test="isRead != null">IS_READ ,</if>  
      <if test="employeeId != null">EMPLOYEE_ID ,</if> )
    </trim> values 
    <trim prefix="("> 
      <if test="noticeInfoPersonId != null">#{noticeInfoPersonId:VARCHAR} ,</if>  
      <if test="noticeInfoId != null">#{noticeInfoId:VARCHAR} ,</if>  
      <if test="isRead != null">#{isRead:CHAR} ,</if>  
      <if test="employeeId != null">#{employeeId:VARCHAR} ,</if> )
    </trim> 
  </insert>
  <select id="countByCriteria" parameterType="com.i2shopping.i2work.operation.core.noticeInfo.model.NoticeInfoPersonCriteria" resultType="java.lang.Integer"> 
    <!--
      WARNING - This element is automatically generated by Apache iBATIS ibator, do not modify.
      This element was generated on Sat Jul 04 13:55:22 CST 2015.
    --> select count(*) from tbl_notice_info_person 
    <include refid="tbl_notice_info_person.Criteria_Where_Clause"/> 
  </select>
  <update id="updateByCriteriaSelective">update tbl_notice_info_person 
    <trim prefix="set"> 
      <if test="record.noticeInfoPersonId != null">NOTICE_INFO_PERSON_ID = #{record.noticeInfoPersonId:VARCHAR} ,</if>  
      <if test="record.noticeInfoId != null">NOTICE_INFO_ID = #{record.noticeInfoId:VARCHAR} ,</if>  
      <if test="record.isRead != null">IS_READ = #{record.isRead:CHAR} ,</if>  
      <if test="record.employeeId != null">EMPLOYEE_ID = #{record.employeeId:VARCHAR} ,</if> 
    </trim>  
    <if test="_parameter != null"> 
      <include refid="tbl_notice_info_person.Criteria_Where_Clause"/> 
    </if> 
  </update>
  <update id="updateByCriteria"> 
    <!--
      WARNING - This element is automatically generated by Apache iBATIS ibator, do not modify.
      This element was generated on Sat Jul 04 13:55:22 CST 2015.
    --> update tbl_notice_info_person set NOTICE_INFO_PERSON_ID = #{record.noticeInfoPersonId:VARCHAR}, NOTICE_INFO_ID = #{record.noticeInfoId:VARCHAR}, IS_READ = #{record.isRead:CHAR}, EMPLOYEE_ID = #{record.employeeId:VARCHAR}
    <if test="_parameter != null"> 
      <include refid="tbl_notice_info_person.Criteria_Where_Clause"/> 
    </if> 
  </update>
  <update id="updateByNoticeInfo" parameterType="com.i2shopping.i2work.operation.core.noticeInfo.model.NoticeInfoPerson">update tbl_notice_info_person 
    <trim prefix="set"> 
      <if test="isRead != null">IS_READ = #{isRead:CHAR} ,</if> 
    </trim>  
    <trim prefix="where"> 
      <if test="noticeInfoId != null">and NOTICE_INFO_ID = #{noticeInfoId:VARCHAR}</if>  
      <if test="employeeId != null">and EMPLOYEE_ID = #{employeeId:VARCHAR}</if> 
    </trim> 
  </update>
  <update id="updateByPrimaryKeySelective" parameterType="com.i2shopping.i2work.operation.core.noticeInfo.model.NoticeInfoPerson"> 
    <!--
      WARNING - This element is automatically generated by Apache iBATIS ibator, do not modify.
      This element was generated on Sat Jul 04 13:55:22 CST 2015.
    --> update tbl_notice_info_person 
    <trim prefix="set"> 
      <if test="noticeInfoId != null">NOTICE_INFO_ID = #{noticeInfoId:VARCHAR} ,</if>  
      <if test="isRead != null">IS_READ = #{isRead:CHAR} ,</if>  
      <if test="employeeId != null">EMPLOYEE_ID = #{employeeId:VARCHAR} ,</if> 
    </trim> where NOTICE_INFO_PERSON_ID = #{noticeInfoPersonId:VARCHAR}
  </update>
  <update id="updateByPrimaryKey" parameterType="com.i2shopping.i2work.operation.core.noticeInfo.model.NoticeInfoPerson"> 
    <!--
      WARNING - This element is automatically generated by Apache iBATIS ibator, do not modify.
      This element was generated on Sat Jul 04 13:55:22 CST 2015.
    --> update tbl_notice_info_person set NOTICE_INFO_ID = #{noticeInfoId:VARCHAR}, IS_READ = #{isRead:CHAR}, EMPLOYEE_ID = #{employeeId:VARCHAR} where NOTICE_INFO_PERSON_ID = #{noticeInfoPersonId:VARCHAR}
  </update>
  <!-- 查询和自己有关的公告 -->
  <select id="selectPersonNoticeInfo" resultMap="ExtResultMap" parameterType="com.i2shopping.i2work.operation.core.noticeInfo.model.NoticeInfoPerson">select person.* from tbl_notice_info info, tbl_notice_info_person person where info.notice_info_id = person.notice_info_id and person.employee_id = #{employeeId:VARCHAR} ORDER BY /*person.IS_READ DESC ,*/ info.publish_time DESC</select>
  <select id="countPersonNoticeInfo" parameterType="com.i2shopping.i2work.operation.core.noticeInfo.model.NoticeInfoPerson" resultType="java.lang.Integer">select count(1) from tbl_notice_info info, tbl_notice_info_person person where info.notice_info_id = person.notice_info_id and person.employee_id = #{employeeId:VARCHAR}</select>
</mapper>
