<?xml version="1.0" encoding="UTF-8"?>
<!DOCTYPE mapper PUBLIC "-//mybatis.org//DTD Mapper 3.0//EN" "http://mybatis.org/dtd/mybatis-3-mapper.dtd">

<mapper namespace="tbl_lottery_winner">
  <resultMap id="BaseResultMap" type="com.i2shopping.i2work.operation.core.lotteryWinner.model.LotteryWinner">
    <!--
      WARNING - This element is automatically generated by Apache iBATIS ibator, do not modify.
      This element was generated on Mon Jan 11 18:24:09 CST 2016.
    -->
    <result column="id" property="id" jdbcType="INTEGER"/>
    <result column="lottery_id" property="lotteryId" jdbcType="CHAR"/>
    <result column="lottery_name" property="lotteryName" jdbcType="VARCHAR"/>
    <result column="employee_id" property="employeeId" jdbcType="CHAR"/>
    <result column="employee_name" property="employeeName" jdbcType="VARCHAR"/>
    <result column="employee_pic_url" property="employeePicUrl" jdbcType="VARCHAR"/>
    <result column="employee_dep" property="employeeDep" jdbcType="VARCHAR"/>
    <result column="win_time" property="winTime" jdbcType="TIMESTAMP"/>
    <result column="comment" property="comment" jdbcType="VARCHAR"/>
    <result column="status" property="status" jdbcType="CHAR"/>
  </resultMap>
  <sql id="Criteria_Where_Clause"> 
    <!--
      WARNING - This element is automatically generated by Apache iBATIS ibator, do not modify.
      This element was generated on Mon Jan 11 18:24:09 CST 2016.
    -->  
    <iterate property="oredCriteria" conjunction="or" prepend="where" removeFirstPrepend="iterate"> 
      <if test="oredCriteria[].valid!= null and oredCriteria[].valid == 'true'.toString()">( 
        <iterate prepend="and" property="oredCriteria[].criteriaWithoutValue" conjunction="and">$oredCriteria[].criteriaWithoutValue[]$</iterate>  
        <iterate prepend="and" property="oredCriteria[].criteriaWithSingleValue" conjunction="and">$oredCriteria[].criteriaWithSingleValue[].condition$ #{oredCriteria[].criteriaWithSingleValue[].value}</iterate>  
        <iterate prepend="and" property="oredCriteria[].criteriaWithListValue" conjunction="and">$oredCriteria[].criteriaWithListValue[].condition$
          <iterate property="oredCriteria[].criteriaWithListValue[].values" open="(" close=")" conjunction=",">#{oredCriteria[].criteriaWithListValue[].values[]}</iterate> 
        </iterate>  
        <iterate prepend="and" property="oredCriteria[].criteriaWithBetweenValue" conjunction="and">$oredCriteria[].criteriaWithBetweenValue[].condition$ #{oredCriteria[].criteriaWithBetweenValue[].values[0]} and #{oredCriteria[].criteriaWithBetweenValue[].values[1]}</iterate> )
      </if> 
    </iterate> 
  </sql>
  <select id="selectByCriteria" resultMap="BaseResultMap" parameterType="com.i2shopping.i2work.operation.core.lotteryWinner.model.LotteryWinnerCriteria"> 
    <!--
      WARNING - This element is automatically generated by Apache iBATIS ibator, do not modify.
      This element was generated on Mon Jan 11 18:24:09 CST 2016.
    --> select id, lottery_id, lottery_name, employee_id, employee_name, employee_pic_url, employee_dep, win_time, comment, status from tbl_lottery_winner
    <if test="_parameter != null"> 
      <include refid="tbl_lottery_winner.Criteria_Where_Clause"/>  
      <if test="orderByClause != null">order by ${orderByClause}</if> 
    </if> 
  </select>
  <select id="selectByPrimaryKey" resultMap="BaseResultMap" parameterType="com.i2shopping.i2work.operation.core.lotteryWinner.model.LotteryWinner"> 
    <!--
      WARNING - This element is automatically generated by Apache iBATIS ibator, do not modify.
      This element was generated on Mon Jan 11 18:24:09 CST 2016.
    --> select id, lottery_id, lottery_name, employee_id, employee_name, employee_pic_url, employee_dep, win_time, comment, status from tbl_lottery_winner where id = #{id:INTEGER}
  </select>
  <delete id="deleteByPrimaryKey" parameterType="com.i2shopping.i2work.operation.core.lotteryWinner.model.LotteryWinner"> 
    <!--
      WARNING - This element is automatically generated by Apache iBATIS ibator, do not modify.
      This element was generated on Mon Jan 11 18:24:09 CST 2016.
    --> delete from tbl_lottery_winner where id = #{id:INTEGER}
  </delete>
  <delete id="deleteByCriteria" parameterType="com.i2shopping.i2work.operation.core.lotteryWinner.model.LotteryWinnerCriteria"> 
    <!--
      WARNING - This element is automatically generated by Apache iBATIS ibator, do not modify.
      This element was generated on Mon Jan 11 18:24:09 CST 2016.
    --> delete from tbl_lottery_winner 
    <include refid="tbl_lottery_winner.Criteria_Where_Clause"/> 
  </delete>
  <insert id="insert" parameterType="com.i2shopping.i2work.operation.core.lotteryWinner.model.LotteryWinner"> 
    <!--
      WARNING - This element is automatically generated by Apache iBATIS ibator, do not modify.
      This element was generated on Mon Jan 11 18:24:09 CST 2016.
    --> insert into tbl_lottery_winner (id, lottery_id, lottery_name, employee_id, employee_name, employee_pic_url, employee_dep, win_time, comment, status) values (#{id:INTEGER}, #{lotteryId:CHAR}, #{lotteryName:VARCHAR}, #{employeeId:CHAR}, #{employeeName:VARCHAR}, #{employeePicUrl:VARCHAR}, #{employeeDep:VARCHAR}, #{winTime:TIMESTAMP}, #{comment:VARCHAR}, #{status:CHAR})
  </insert>
  <insert id="insertSelective" parameterType="com.i2shopping.i2work.operation.core.lotteryWinner.model.LotteryWinner"> 
    <!--
      WARNING - This element is automatically generated by Apache iBATIS ibator, do not modify.
      This element was generated on Mon Jan 11 18:24:09 CST 2016.
    --> insert into tbl_lottery_winner 
    <trim prefix="("> 
      <if test="id != null">id ,</if>  
      <if test="lotteryId != null">lottery_id ,</if>  
      <if test="lotteryName != null">lottery_name ,</if>  
      <if test="employeeId != null">employee_id ,</if>  
      <if test="employeeName != null">employee_name ,</if>  
      <if test="employeePicUrl != null">employee_pic_url ,</if>  
      <if test="employeeDep != null">employee_dep ,</if>  
      <if test="winTime != null">win_time ,</if>  
      <if test="comment != null">comment ,</if>  
      <if test="status != null">status ,</if> )
    </trim> values 
    <trim prefix="("> 
      <if test="id != null">#{id:INTEGER} ,</if>  
      <if test="lotteryId != null">#{lotteryId:CHAR} ,</if>  
      <if test="lotteryName != null">#{lotteryName:VARCHAR} ,</if>  
      <if test="employeeId != null">#{employeeId:CHAR} ,</if>  
      <if test="employeeName != null">#{employeeName:VARCHAR} ,</if>  
      <if test="employeePicUrl != null">#{employeePicUrl:VARCHAR} ,</if>  
      <if test="employeeDep != null">#{employeeDep:VARCHAR} ,</if>  
      <if test="winTime != null">#{winTime:TIMESTAMP} ,</if>  
      <if test="comment != null">#{comment:VARCHAR} ,</if>  
      <if test="status != null">#{status:CHAR} ,</if> )
    </trim> 
  </insert>
  <select id="countByCriteria" parameterType="com.i2shopping.i2work.operation.core.lotteryWinner.model.LotteryWinnerCriteria" resultType="java.lang.Integer"> 
    <!--
      WARNING - This element is automatically generated by Apache iBATIS ibator, do not modify.
      This element was generated on Mon Jan 11 18:24:09 CST 2016.
    --> select count(*) from tbl_lottery_winner 
    <include refid="tbl_lottery_winner.Criteria_Where_Clause"/> 
  </select>
  <update id="updateByCriteriaSelective"> 
    <!--
      WARNING - This element is automatically generated by Apache iBATIS ibator, do not modify.
      This element was generated on Mon Jan 11 18:24:09 CST 2016.
    --> update tbl_lottery_winner 
    <trim prefix="set"> 
      <if test="record.id != null">id = #{record.id:INTEGER} ,</if>  
      <if test="record.lotteryId != null">lottery_id = #{record.lotteryId:CHAR} ,</if>  
      <if test="record.lotteryName != null">lottery_name = #{record.lotteryName:VARCHAR} ,</if>  
      <if test="record.employeeId != null">employee_id = #{record.employeeId:CHAR} ,</if>  
      <if test="record.employeeName != null">employee_name = #{record.employeeName:VARCHAR} ,</if>  
      <if test="record.employeePicUrl != null">employee_pic_url = #{record.employeePicUrl:VARCHAR} ,</if>  
      <if test="record.employeeDep != null">employee_dep = #{record.employeeDep:VARCHAR} ,</if>  
      <if test="record.winTime != null">win_time = #{record.winTime:TIMESTAMP} ,</if>  
      <if test="record.comment != null">comment = #{record.comment:VARCHAR} ,</if>  
      <if test="record.status != null">status = #{record.status:CHAR} ,</if> 
    </trim>  
    <if test="_parameter != null"> 
      <include refid="tbl_lottery_winner.Criteria_Where_Clause"/> 
    </if> 
  </update>
  <update id="updateByCriteria"> 
    <!--
      WARNING - This element is automatically generated by Apache iBATIS ibator, do not modify.
      This element was generated on Mon Jan 11 18:24:09 CST 2016.
    --> update tbl_lottery_winner set id = #{record.id:INTEGER}, lottery_id = #{record.lotteryId:CHAR}, lottery_name = #{record.lotteryName:VARCHAR}, employee_id = #{record.employeeId:CHAR}, employee_name = #{record.employeeName:VARCHAR}, employee_pic_url = #{record.employeePicUrl:VARCHAR}, employee_dep = #{record.employeeDep:VARCHAR}, win_time = #{record.winTime:TIMESTAMP}, comment = #{record.comment:VARCHAR}, status = #{record.status:CHAR}
    <if test="_parameter != null"> 
      <include refid="tbl_lottery_winner.Criteria_Where_Clause"/> 
    </if> 
  </update>
  <update id="updateByPrimaryKeySelective" parameterType="com.i2shopping.i2work.operation.core.lotteryWinner.model.LotteryWinner"> 
    <!--
      WARNING - This element is automatically generated by Apache iBATIS ibator, do not modify.
      This element was generated on Mon Jan 11 18:24:09 CST 2016.
    --> update tbl_lottery_winner 
    <trim prefix="set"> 
      <if test="lotteryId != null">lottery_id = #{lotteryId:CHAR} ,</if>  
      <if test="lotteryName != null">lottery_name = #{lotteryName:VARCHAR} ,</if>  
      <if test="employeeId != null">employee_id = #{employeeId:CHAR} ,</if>  
      <if test="employeeName != null">employee_name = #{employeeName:VARCHAR} ,</if>  
      <if test="employeePicUrl != null">employee_pic_url = #{employeePicUrl:VARCHAR} ,</if>  
      <if test="employeeDep != null">employee_dep = #{employeeDep:VARCHAR} ,</if>  
      <if test="winTime != null">win_time = #{winTime:TIMESTAMP} ,</if>  
      <if test="comment != null">comment = #{comment:VARCHAR} ,</if>  
      <if test="status != null">status = #{status:CHAR} ,</if> 
    </trim> where id = #{id:INTEGER}
  </update>
  <update id="updateByPrimaryKey" parameterType="com.i2shopping.i2work.operation.core.lotteryWinner.model.LotteryWinner"> 
    <!--
      WARNING - This element is automatically generated by Apache iBATIS ibator, do not modify.
      This element was generated on Mon Jan 11 18:24:09 CST 2016.
    --> update tbl_lottery_winner set lottery_id = #{lotteryId:CHAR}, lottery_name = #{lotteryName:VARCHAR}, employee_id = #{employeeId:CHAR}, employee_name = #{employeeName:VARCHAR}, employee_pic_url = #{employeePicUrl:VARCHAR}, employee_dep = #{employeeDep:VARCHAR}, win_time = #{winTime:TIMESTAMP}, comment = #{comment:VARCHAR}, status = #{status:CHAR} where id = #{id:INTEGER}
  </update>
  <!-- 根据lottery_id查询中奖者名单 -->
  <select id="selectListByLotteryId" resultMap="BaseResultMap" parameterType="java.lang.String">select * from tbl_lottery_winner where lottery_id = #{lotteryId:CHAR} and status = '1'</select>
</mapper>
