<?xml version="1.0" encoding="UTF-8"?>
<!DOCTYPE mapper PUBLIC "-//mybatis.org//DTD Mapper 3.0//EN" "http://mybatis.org/dtd/mybatis-3-mapper.dtd">

<mapper namespace="tbl_quartz_failed">
  <resultMap id="BaseResultMap" type="com.i2shopping.i2work.operation.core.quartz.model.QuartzFailed">
    <!--
      WARNING - This element is automatically generated by Apache iBATIS ibator, do not modify.
      This element was generated on Tue Aug 11 16:46:13 CST 2015.
    -->
    <result column="quartz_id" property="quartzId" jdbcType="VARCHAR"/>
    <result column="quartz_date" property="quartzDate" jdbcType="DATE"/>
    <result column="status" property="status" jdbcType="CHAR"/>
  </resultMap>
  <sql id="Criteria_Where_Clause"> 
    <!--
      WARNING - This element is automatically generated by Apache iBATIS ibator, do not modify.
      This element was generated on Tue Aug 11 16:46:13 CST 2015.
    -->  
    <iterate property="oredCriteria" conjunction="or" prepend="where" removeFirstPrepend="iterate"> 
      <if test="oredCriteria[].valid!= null and oredCriteria[].valid == 'true'.toString()">( 
        <iterate prepend="and" property="oredCriteria[].criteriaWithoutValue" conjunction="and">$oredCriteria[].criteriaWithoutValue[]$</iterate>  
        <iterate prepend="and" property="oredCriteria[].criteriaWithSingleValue" conjunction="and">$oredCriteria[].criteriaWithSingleValue[].condition$ #{oredCriteria[].criteriaWithSingleValue[].value}</iterate>  
        <iterate prepend="and" property="oredCriteria[].criteriaWithListValue" conjunction="and">$oredCriteria[].criteriaWithListValue[].condition$
          <iterate property="oredCriteria[].criteriaWithListValue[].values" open="(" close=")" conjunction=",">#{oredCriteria[].criteriaWithListValue[].values[]}</iterate> 
        </iterate>  
        <iterate prepend="and" property="oredCriteria[].criteriaWithBetweenValue" conjunction="and">$oredCriteria[].criteriaWithBetweenValue[].condition$ #{oredCriteria[].criteriaWithBetweenValue[].values[0]} and #{oredCriteria[].criteriaWithBetweenValue[].values[1]}</iterate> )
      </if> 
    </iterate> 
  </sql>
  <!-- 按日期查询所有失败的记录 -->
  <select id="selectByQuartzDate" resultMap="BaseResultMap" parameterType="com.i2shopping.i2work.operation.core.quartz.model.QuartzFailed">select quartz_id, quartz_date, status from tbl_quartz_failed where quartz_date = #{quartzDate:DATE} and status='0'</select>
  <!-- 查询所有失败的记录 -->
  <select id="selectAllQuartzFailed" resultMap="BaseResultMap">select quartz_id, quartz_date, status from tbl_quartz_failed where status='0'</select>
  <select id="selectByCriteria" resultMap="BaseResultMap" parameterType="com.i2shopping.i2work.operation.core.quartz.model.QuartzFailedCriteria"> 
    <!--
      WARNING - This element is automatically generated by Apache iBATIS ibator, do not modify.
      This element was generated on Tue Aug 11 16:46:13 CST 2015.
    --> select quartz_id, quartz_date, status from tbl_quartz_failed
    <if test="_parameter != null"> 
      <include refid="tbl_quartz_failed.Criteria_Where_Clause"/>  
      <if test="orderByClause != null">order by ${orderByClause}</if> 
    </if> 
  </select>
  <select id="selectByPrimaryKey" resultMap="BaseResultMap" parameterType="com.i2shopping.i2work.operation.core.quartz.model.QuartzFailed"> 
    <!--
      WARNING - This element is automatically generated by Apache iBATIS ibator, do not modify.
      This element was generated on Tue Aug 11 16:46:13 CST 2015.
    --> select quartz_id, quartz_date, status from tbl_quartz_failed where quartz_id = #{quartzId:VARCHAR}
  </select>
  <!-- 删除定时任务成功的记录 -->
  <delete id="deleteByQuartzFailed" parameterType="com.i2shopping.i2work.operation.core.quartz.model.QuartzFailed">delete from tbl_quartz_failed where quartz_date = #{quartzDate:DATE}</delete>
  <delete id="deleteByPrimaryKey" parameterType="com.i2shopping.i2work.operation.core.quartz.model.QuartzFailed"> 
    <!--
      WARNING - This element is automatically generated by Apache iBATIS ibator, do not modify.
      This element was generated on Tue Aug 11 16:46:13 CST 2015.
    --> delete from tbl_quartz_failed where quartz_id = #{quartzId:VARCHAR}
  </delete>
  <delete id="deleteByCriteria" parameterType="com.i2shopping.i2work.operation.core.quartz.model.QuartzFailedCriteria"> 
    <!--
      WARNING - This element is automatically generated by Apache iBATIS ibator, do not modify.
      This element was generated on Tue Aug 11 16:46:13 CST 2015.
    --> delete from tbl_quartz_failed 
    <include refid="tbl_quartz_failed.Criteria_Where_Clause"/> 
  </delete>
  <insert id="insert" parameterType="com.i2shopping.i2work.operation.core.quartz.model.QuartzFailed"> 
    <!--
      WARNING - This element is automatically generated by Apache iBATIS ibator, do not modify.
      This element was generated on Tue Aug 11 16:46:13 CST 2015.
    --> insert into tbl_quartz_failed (quartz_id, quartz_date, status) values (#{quartzId:VARCHAR}, #{quartzDate:DATE}, #{status:CHAR})
  </insert>
  <insert id="insertSelective" parameterType="com.i2shopping.i2work.operation.core.quartz.model.QuartzFailed"> 
    <!--
      WARNING - This element is automatically generated by Apache iBATIS ibator, do not modify.
      This element was generated on Tue Aug 11 16:46:13 CST 2015.
    --> insert into tbl_quartz_failed 
    <trim prefix="("> 
      <if test="quartzId != null">quartz_id ,</if>  
      <if test="quartzDate != null">quartz_date ,</if>  
      <if test="status != null">status ,</if> )
    </trim> values 
    <trim prefix="("> 
      <if test="quartzId != null">#{quartzId:VARCHAR} ,</if>  
      <if test="quartzDate != null">#{quartzDate:DATE} ,</if>  
      <if test="status != null">#{status:CHAR} ,</if> )
    </trim> 
  </insert>
  <select id="countByCriteria" parameterType="com.i2shopping.i2work.operation.core.quartz.model.QuartzFailedCriteria" resultType="java.lang.Integer"> 
    <!--
      WARNING - This element is automatically generated by Apache iBATIS ibator, do not modify.
      This element was generated on Tue Aug 11 16:46:13 CST 2015.
    --> select count(*) from tbl_quartz_failed 
    <include refid="tbl_quartz_failed.Criteria_Where_Clause"/> 
  </select>
  <update id="updateByCriteriaSelective"> 
    <!--
      WARNING - This element is automatically generated by Apache iBATIS ibator, do not modify.
      This element was generated on Tue Aug 11 16:46:13 CST 2015.
    --> update tbl_quartz_failed 
    <trim prefix="set"> 
      <if test="record.quartzId != null">quartz_id = #{record.quartzId:VARCHAR} ,</if>  
      <if test="record.quartzDate != null">quartz_date = #{record.quartzDate:DATE} ,</if>  
      <if test="record.status != null">status = #{record.status:CHAR} ,</if> 
    </trim>  
    <if test="_parameter != null"> 
      <include refid="tbl_quartz_failed.Criteria_Where_Clause"/> 
    </if> 
  </update>
  <update id="updateByCriteria"> 
    <!--
      WARNING - This element is automatically generated by Apache iBATIS ibator, do not modify.
      This element was generated on Tue Aug 11 16:46:13 CST 2015.
    --> update tbl_quartz_failed set quartz_id = #{record.quartzId:VARCHAR}, quartz_date = #{record.quartzDate:DATE}, status = #{record.status:CHAR}
    <if test="_parameter != null"> 
      <include refid="tbl_quartz_failed.Criteria_Where_Clause"/> 
    </if> 
  </update>
  <update id="updateByPrimaryKeySelective" parameterType="com.i2shopping.i2work.operation.core.quartz.model.QuartzFailed"> 
    <!--
      WARNING - This element is automatically generated by Apache iBATIS ibator, do not modify.
      This element was generated on Tue Aug 11 16:46:13 CST 2015.
    --> update tbl_quartz_failed
    <trim prefix="set"> 
      <if test="quartzDate != null">quartz_date = #{quartzDate:DATE} ,</if>  
      <if test="status != null">status = #{status:CHAR} ,</if> 
    </trim> where quartz_id = #{quartzId:VARCHAR}
  </update>
  <update id="updateByPrimaryKey" parameterType="com.i2shopping.i2work.operation.core.quartz.model.QuartzFailed"> 
    <!--
      WARNING - This element is automatically generated by Apache iBATIS ibator, do not modify.
      This element was generated on Tue Aug 11 16:46:13 CST 2015.
    --> update tbl_quartz_failed set quartz_date = #{quartzDate:DATE}, status = #{status:CHAR} where quartz_id = #{quartzId:VARCHAR}
  </update>
</mapper>
