<?xml version="1.0" encoding="UTF-8"?>
<!DOCTYPE mapper PUBLIC "-//mybatis.org//DTD Mapper 3.0//EN" "http://mybatis.org/dtd/mybatis-3-mapper.dtd">

<mapper namespace="tbl_image_auto">
  <resultMap id="BaseResultMap" type="com.i2shopping.i2work.operation.core.image.model.ImageAuto">
    <!--
      WARNING - This element is automatically generated by Apache iBATIS ibator, do not modify.
      This element was generated on Thu Apr 19 15:03:50 CST 2012.
    -->
    <result column="imageid" property="imageId" jdbcType="VARCHAR"/>
    <result column="imagetop" property="imageTop" jdbcType="VARCHAR"/>
    <result column="imagehead" property="imageHead" jdbcType="VARCHAR"/>
    <result column="imagedate" property="imageDate" jdbcType="VARCHAR"/>
    <result column="imagetime" property="imageTime" jdbcType="TIMESTAMP"/>
    <result column="imagetype" property="imageType" jdbcType="CHAR"/>
    <result column="imagestat" property="imageStat" jdbcType="CHAR"/>
    <result column="description" property="description" jdbcType="VARCHAR"/>
  </resultMap>
  <sql id="Criteria_Where_Clause"> 
    <!--
      WARNING - This element is automatically generated by Apache iBATIS ibator, do not modify.
      This element was generated on Thu Apr 19 15:03:50 CST 2012.
    -->  
    <iterate property="oredCriteria" conjunction="or" prepend="where" removeFirstPrepend="iterate"> 
      <if test="oredCriteria[].valid!= null and oredCriteria[].valid == 'true'.toString()">( 
        <iterate prepend="and" property="oredCriteria[].criteriaWithoutValue" conjunction="and">$oredCriteria[].criteriaWithoutValue[]$</iterate>  
        <iterate prepend="and" property="oredCriteria[].criteriaWithSingleValue" conjunction="and">$oredCriteria[].criteriaWithSingleValue[].condition$ #{oredCriteria[].criteriaWithSingleValue[].value}</iterate>  
        <iterate prepend="and" property="oredCriteria[].criteriaWithListValue" conjunction="and">$oredCriteria[].criteriaWithListValue[].condition$
          <iterate property="oredCriteria[].criteriaWithListValue[].values" open="(" close=")" conjunction=",">#{oredCriteria[].criteriaWithListValue[].values[]}</iterate> 
        </iterate>  
        <iterate prepend="and" property="oredCriteria[].criteriaWithBetweenValue" conjunction="and">$oredCriteria[].criteriaWithBetweenValue[].condition$ #{oredCriteria[].criteriaWithBetweenValue[].values[0]} and #{oredCriteria[].criteriaWithBetweenValue[].values[1]}</iterate> )
      </if> 
    </iterate> 
  </sql>
  <select id="selectByCriteria" resultMap="BaseResultMap" parameterType="com.i2shopping.i2work.operation.core.image.model.ImageCriteria"> 
    <!--
      WARNING - This element is automatically generated by Apache iBATIS ibator, do not modify.
      This element was generated on Thu Apr 19 15:03:50 CST 2012.
    --> select IMG_ID, IMG_CATEGORY_ID, IMG_NAME, IMG_URL, IMG_DESC, IMG_ORIGINAL_NAME, IMG_AMOUNT, MEMBER_ID, IS_REFERENCED,WIDTH,HEIGHT from TBL_IMAGE
    <if test="_parameter != null"> 
      <include refid="tbl_image.Criteria_Where_Clause"/> 
    </if> order by IMG_ID DESC
  </select>
  <select id="selectByPrimaryKey" resultMap="BaseResultMap" parameterType="com.i2shopping.i2work.operation.core.image.model.Image"> 
    <!--
      WARNING - This element is automatically generated by Apache iBATIS ibator, do not modify.
      This element was generated on Thu Apr 19 15:03:50 CST 2012.
    --> select IMG_ID, IMG_CATEGORY_ID, IMG_NAME, IMG_URL, IMG_DESC, IMG_ORIGINAL_NAME, IMG_AMOUNT, MEMBER_ID, IS_REFERENCED,WIDTH,HEIGHT from TBL_IMAGE where IMG_ID = #{imgId:VARCHAR}
  </select>
  <select id="selectByImgURL" resultMap="BaseResultMap" parameterType="com.i2shopping.i2work.operation.core.image.model.Image"> 
    <!--
      WARNING - This element is automatically generated by Apache iBATIS ibator, do not modify.
      This element was generated on Thu Apr 19 15:03:50 CST 2012.
    --> select IMG_ID, IMG_CATEGORY_ID, IMG_NAME, IMG_URL, IMG_DESC, IMG_ORIGINAL_NAME, IMG_AMOUNT, MEMBER_ID, IS_REFERENCED,WIDTH,HEIGHT from TBL_IMAGE where IMG_URL = #{imgURL:VARCHAR}
  </select>
  <delete id="deleteByPrimaryKey" parameterType="com.i2shopping.i2work.operation.core.image.model.Image"> 
    <!--
      WARNING - This element is automatically generated by Apache iBATIS ibator, do not modify.
      This element was generated on Thu Apr 19 15:03:50 CST 2012.
    --> delete from TBL_IMAGE where IMG_ID = #{imgId:VARCHAR}
  </delete>
  <delete id="deleteByCriteria" parameterType="com.i2shopping.i2work.operation.core.image.model.ImageCriteria"> 
    <!--
      WARNING - This element is automatically generated by Apache iBATIS ibator, do not modify.
      This element was generated on Thu Apr 19 15:03:50 CST 2012.
    --> delete from TBL_IMAGE 
    <include refid="tbl_image.Criteria_Where_Clause"/> 
  </delete>
  <delete id="deleteByImageId" parameterType="java.lang.String"> 
    <!--
      WARNING - This element is automatically generated by Apache iBATIS ibator, do not modify.
      This element was generated on Thu Apr 19 15:03:50 CST 2012.
    --> delete from TBL_IMAGE_AUTO where imageid = #{imageId:VARCHAR}
  </delete>
  <delete id="deleteByImageDate" parameterType="java.lang.String"> 
    <!--
      WARNING - This element is automatically generated by Apache iBATIS ibator, do not modify.
      This element was generated on Thu Apr 19 15:03:50 CST 2012.
    --> delete from TBL_IMAGE_AUTO where imagedate = #{imageDate:VARCHAR}
  </delete>
  <insert id="insert" parameterType="com.i2shopping.i2work.operation.core.image.model.Image"> 
    <!--
      WARNING - This element is automatically generated by Apache iBATIS ibator, do not modify.
      This element was generated on Thu Apr 19 15:03:50 CST 2012.
    --> insert into TBL_IMAGE (IMG_ID, IMG_CATEGORY_ID, IMG_NAME, IMG_URL, IMG_DESC, IMG_ORIGINAL_NAME, IMG_AMOUNT, MEMBER_ID, IS_REFERENCED,WIDTH,HEIGHT) values (#{imgId:VARCHAR}, #{imgCategoryId:VARCHAR}, #{imgName:VARCHAR}, #{imgURL:VARCHAR}, #{imgDesc:VARCHAR}, #{imgOriginalName:VARCHAR}, #{imgAmount:VARCHAR}, #{memberId:VARCHAR}, #{isReferenced:CHAR},#{width:INTEGER},#{height:INTEGER})
  </insert>
  <insert id="insertImageAuto" parameterType="com.i2shopping.i2work.operation.core.image.model.ImageAuto"> 
    <!--
      WARNING - This element is automatically generated by Apache iBATIS ibator, do not modify.
      This element was generated on Thu Apr 19 15:03:50 CST 2012.
    --> insert into TBL_IMAGE_AUTO (imageid, imagetop, imagehead, imagedate, imagetime, imagetype, imagestat,description) values (#{imageId:VARCHAR}, #{imageTop:VARCHAR}, #{imageHead:VARCHAR}, #{imageDate:VARCHAR}, #{imageTime:TIMESTAMP}, #{imageType:CHAR}, #{imageStat:CHAR},#{description:VARCHAR})
  </insert>
  <insert id="insertSelective" parameterType="com.i2shopping.i2work.operation.core.image.model.Image"> 
    <!--
      WARNING - This element is automatically generated by Apache iBATIS ibator, do not modify.
      This element was generated on Thu Apr 19 15:03:50 CST 2012.
    --> insert into TBL_IMAGE 
    <trim prefix="("> 
      <if test="imgId != null">IMG_ID ,</if>  
      <if test="imgCategoryId != null">IMG_CATEGORY_ID ,</if>  
      <if test="imgName != null">IMG_NAME ,</if>  
      <if test="imgURL != null">IMG_URL ,</if>  
      <if test="imgDesc != null">IMG_DESC ,</if>  
      <if test="imgOriginalName != null">IMG_ORIGINAL_NAME ,</if>  
      <if test="imgAmount != null">IMG_AMOUNT ,</if>  
      <if test="memberId != null">MEMBER_ID ,</if>  
      <if test="isReferenced != null">IS_REFERENCED ,</if>  
      <if test="width != null">WIDTH ,</if>  
      <if test="height != null">HEIGHT ,</if> )
    </trim> values 
    <trim prefix="("> 
      <if test="imgId != null">#{imgId:VARCHAR} ,</if>  
      <if test="imgCategoryId != null">#{imgCategoryId:VARCHAR} ,</if>  
      <if test="imgName != null">#{imgName:VARCHAR} ,</if>  
      <if test="imgURL != null">#{imgURL:VARCHAR} ,</if>  
      <if test="imgDesc != null">#{imgDesc:VARCHAR} ,</if>  
      <if test="imgOriginalName != null">#{imgOriginalName:VARCHAR} ,</if>  
      <if test="imgAmount != null">#{imgAmount:VARCHAR} ,</if>  
      <if test="memberId != null">#{memberId:VARCHAR} ,</if>  
      <if test="isReferenced != null">#{isReferenced:CHAR} ,</if>  
      <if test="width != null">#{width:INTEGER} ,</if>  
      <if test="height != null">#{height:INTEGER} ,</if> )
    </trim> 
  </insert>
  <select id="countByCriteria" parameterType="com.i2shopping.i2work.operation.core.image.model.ImageCriteria" resultType="java.lang.Integer"> 
    <!--
      WARNING - This element is automatically generated by Apache iBATIS ibator, do not modify.
      This element was generated on Thu Apr 19 15:03:50 CST 2012.
    --> select count(*) from TBL_IMAGE 
    <include refid="tbl_image.Criteria_Where_Clause"/> 
  </select>
  <update id="updateByCriteriaSelective"> 
    <!--
      WARNING - This element is automatically generated by Apache iBATIS ibator, do not modify.
      This element was generated on Thu Apr 19 15:03:50 CST 2012.
    --> update TBL_IMAGE 
    <trim prefix="set"> 
      <if test="record.imgId != null">IMG_ID = #{record.imgId:VARCHAR} ,</if>  
      <if test="record.imgCategoryId != null">IMG_CATEGORY_ID = #{record.imgCategoryId:VARCHAR} ,</if>  
      <if test="record.imgName != null">IMG_NAME = #{record.imgName:VARCHAR} ,</if>  
      <if test="record.imgURL != null">IMG_URL = #{record.imgURL:VARCHAR} ,</if>  
      <if test="record.imgDesc != null">IMG_DESC = #{record.imgDesc:VARCHAR} ,</if>  
      <if test="record.imgOriginalName != null">IMG_ORIGINAL_NAME = #{record.imgOriginalName:VARCHAR} ,</if>  
      <if test="record.imgAmount != null">IMG_AMOUNT = #{record.imgAmount:VARCHAR} ,</if>  
      <if test="record.memberId != null">MEMBER_ID = #{record.memberId:VARCHAR} ,</if>  
      <if test="record.isReferenced != null">IS_REFERENCED = #{record.isReferenced:CHAR} ,</if>  
      <if test="record.width != null">WIDTH = #{record.width:INTEGER} ,</if>  
      <if test="record.height != null">HEIGHT = #{record.height:INTEGER} ,</if> 
    </trim>  
    <if test="_parameter != null"> 
      <include refid="tbl_image.Criteria_Where_Clause"/> 
    </if> 
  </update>
  <update id="updateByCriteria"> 
    <!--
      WARNING - This element is automatically generated by Apache iBATIS ibator, do not modify.
      This element was generated on Thu Apr 19 15:03:50 CST 2012.
    --> update TBL_IMAGE set IMG_ID = #{record.imgId:VARCHAR}, IMG_CATEGORY_ID = #{record.imgCategoryId:VARCHAR}, IMG_NAME = #{record.imgName:VARCHAR}, IMG_URL = #{record.imgURL:VARCHAR}, IMG_DESC = #{record.imgDesc:VARCHAR}, IMG_ORIGINAL_NAME = #{record.imgOriginalName:VARCHAR}, IMG_AMOUNT = #{record.imgAmount:VARCHAR}, MEMBER_ID = #{record.memberId:VARCHAR}, IS_REFERENCED = #{record.isReferenced:CHAR}, WIDTH = #{record.width:INTEGER}, HEIGHT = #{record.height:INTEGER}
    <if test="_parameter != null"> 
      <include refid="tbl_image.Criteria_Where_Clause"/> 
    </if> 
  </update>
  <update id="updateByPrimaryKeySelective" parameterType="com.i2shopping.i2work.operation.core.image.model.Image"> 
    <!--
      WARNING - This element is automatically generated by Apache iBATIS ibator, do not modify.
      This element was generated on Thu Apr 19 15:03:50 CST 2012.
    --> update TBL_IMAGE 
    <trim prefix="set"> 
      <if test="imgCategoryId != null">IMG_CATEGORY_ID = #{imgCategoryId:VARCHAR} ,</if>  
      <if test="imgName != null">IMG_NAME = #{imgName:VARCHAR} ,</if>  
      <if test="imgURL != null">IMG_URL = #{imgURL:VARCHAR} ,</if>  
      <if test="imgDesc != null">IMG_DESC = #{imgDesc:VARCHAR} ,</if>  
      <if test="imgOriginalName != null">IMG_ORIGINAL_NAME = #{imgOriginalName:VARCHAR} ,</if>  
      <if test="imgAmount != null">IMG_AMOUNT = #{imgAmount:VARCHAR} ,</if>  
      <if test="memberId != null">MEMBER_ID = #{memberId:VARCHAR} ,</if>  
      <if test="isReferenced != null">IS_REFERENCED = #{isReferenced:CHAR} ,</if>  
      <if test="width != null">WIDTH = #{width:INTEGER} ,</if>  
      <if test="height != null">HEIGHT = #{height:INTEGER} ,</if> 
    </trim> where IMG_ID = #{imgId:VARCHAR}
  </update>
  <update id="updateByPrimaryKey" parameterType="com.i2shopping.i2work.operation.core.image.model.Image"> 
    <!--
      WARNING - This element is automatically generated by Apache iBATIS ibator, do not modify.
      This element was generated on Thu Apr 19 15:03:50 CST 2012.
    --> update TBL_IMAGE set IMG_CATEGORY_ID = #{imgCategoryId:VARCHAR}, IMG_NAME = #{imgName:VARCHAR}, IMG_URL = #{imgURL:VARCHAR}, IMG_DESC = #{imgDesc:VARCHAR}, IMG_ORIGINAL_NAME = #{imgOriginalName:VARCHAR}, IMG_AMOUNT = #{imgAmount:VARCHAR}, MEMBER_ID = #{memberId:VARCHAR}, IS_REFERENCED = #{isReferenced:CHAR}, WIDTH = #{width:INTEGER}, HEIGHT = #{height:INTEGER} where IMG_ID = #{imgId:VARCHAR}
  </update>
  <update id="updateByImageId" parameterType="com.i2shopping.i2work.operation.core.image.model.ImageAuto"> 
    <!--
      WARNING - This element is automatically generated by Apache iBATIS ibator, do not modify.
      This element was generated on Thu Apr 19 15:03:50 CST 2012.
    --> update TBL_IMAGE_AUTO set imageid = #{imageId:VARCHAR}, imagetop = #{imageTop:VARCHAR}, imagehead = #{imageHead:VARCHAR}, imagedate = #{imageDate:VARCHAR}, imagetime = #{imageTime:TIMESTAMP}, imagetype = #{imageType:CHAR}, imagestat = #{imageStat:CHAR}, description = #{description:VARCHAR} where imageid = #{imageId:VARCHAR}
  </update>
  <update id="updateByImageDate" parameterType="com.i2shopping.i2work.operation.core.image.model.ImageAuto"> 
    <!--
      WARNING - This element is automatically generated by Apache iBATIS ibator, do not modify.
      This element was generated on Thu Apr 19 15:03:50 CST 2012.
    --> update TBL_IMAGE_AUTO set imageid = #{imageId:VARCHAR}, imagetop = #{imageTop:VARCHAR}, imagehead = #{imageHead:VARCHAR}, imagedate = #{imageDate:VARCHAR}, imagetime = #{imageTime:TIMESTAMP}, imagetype = #{imageType:CHAR}, imagestat = #{imageStat:CHAR}, description = #{description:VARCHAR} where imagedate = #{imageDate:VARCHAR}
  </update>
  <update id="updateImageAuto" parameterType="com.i2shopping.i2work.operation.core.image.model.ImageAuto"> 
    <!--
      WARNING - This element is automatically generated by Apache iBATIS ibator, do not modify.
      This element was generated on Thu Apr 19 15:03:50 CST 2012.
    --> update tbl_image_auto 
    <trim prefix="set"> 
      <if test="imageTop != null">imagetop = #{imageTop:TIMESTAMP} ,</if>  
      <if test="imageHead != null">imagehead = #{imageHead:VARCHAR} ,</if>  
      <if test="imageDate != null">imagedate = #{imageDate:VARCHAR} ,</if>  
      <if test="imageTime != null">imagetime = #{imageTime:TIMESTAMP} ,</if>  
      <if test="imageType != null">imagetype = #{imageType:CHAR} ,</if>  
      <if test="imageStat != null">imagestat = #{imageStat:CHAR} ,</if>  
      <if test="description != null">description = #{description:VARCHAR} ,</if> 
    </trim> where imageid = #{imageId:VARCHAR}
  </update>
  <select id="selectByImgId" resultMap="BaseResultMap" parameterType="java.lang.String"> 
    <!--
      WARNING - This element is automatically generated by Apache iBATIS ibator, do not modify.
      This element was generated on Wed Mar 07 17:41:45 CST 2012.
    --> select * from TBL_IMAGE where IMG_ID = #{imgId:VARCHAR}
  </select>
  <select id="selectByImageId" resultMap="BaseResultMap" parameterType="java.lang.String">select * from TBL_IMAGE_AUTO where imageid = #{imageId:VARCHAR}</select>
  <sql id="tbl_image_auto.imageAuto_Where_Clause"> 
    <if test="imageId != null and imageId != ''">and tbl_image_auto.imageid = #{imageId:VARCHAR}</if>  
    <if test="imageTop != null and imageTop != ''">and tbl_image_auto.imagetop = #{imageTop:VARCHAR}</if>  
    <if test="imageHead != null and imageHead != ''">and tbl_image_auto.imagehead = #{imageHead:VARCHAR}</if>  
    <if test="imageDate != null and imageDate != ''">and tbl_image_auto.imagedate = #{imageDate:VARCHAR}</if>  
    <if test="imageTime != null and imageTime != ''">and tbl_image_auto.imagetime = #{imagetime:TIMESTAMP}</if>  
    <if test="imageType != null and imageType != ''">and tbl_image_auto.imagetype = #{imageType:CHAR}</if>  
    <if test="imageStat != null and imageStat != ''">and tbl_image_auto.imagestat = #{imageStat:CHAR}</if>  
    <if test="description != null and description != ''">and tbl_image_auto.description = #{description:VARCHAR}</if> order by imagetime desc
  </sql>
  <!-- 查询公告信息 -->
  <select id="selectByImageAuto" resultMap="BaseResultMap" parameterType="com.i2shopping.i2work.operation.core.image.model.ImageAuto">select * from tbl_image_auto 
    <trim prefix="where"> 
      <include refid="tbl_image_auto.imageAuto_Where_Clause"/> 
    </trim> 
  </select>
  <select id="selectByImageDate" resultMap="BaseResultMap" parameterType="com.i2shopping.i2work.operation.core.image.model.ImageAuto">select * from TBL_IMAGE_AUTO where imagedate = #{imageDate:VARCHAR} and imagetype = #{imageType:CHAR}</select>
  <select id="countByimageAuto" parameterType="com.i2shopping.i2work.operation.core.image.model.ImageAuto" resultType="java.lang.Integer">select count(*) from TBL_IMAGE_AUTO where imagetype = #{imageType:CHAR}</select>
  <select id="selectImageAutoByPage" parameterType="com.i2shopping.i2work.operation.core.image.model.ImageAuto" resultMap="BaseResultMap">select imageid,imagetop,imagehead,imagedate,imagetime,imagestat,description,imageType from TBL_IMAGE_AUTO where imagetype = #{imageType:CHAR} order by imagetime desc</select>
  <delete id="deleteById" parameterType="java.lang.String">delete from TBL_IMAGE_AUTO where imageid=#{record:VARCHAR}</delete>
  <select id="countByImageDate" parameterType="java.lang.String" resultType="java.lang.Integer">select count(*) from TBL_IMAGE_AUTO where imagedate = #{imageDate:CHAR}</select>
  <update id="updateImageStat" parameterType="java.util.HashMap">update TBL_IMAGE_AUTO set imagestat = #{imageStat:CHAR} where imagetype = #{imageType:CHAR}</update>
</mapper>
