<?xml version="1.0" encoding="UTF-8"?>
<!DOCTYPE mapper PUBLIC "-//mybatis.org//DTD Mapper 3.0//EN" "http://mybatis.org/dtd/mybatis-3-mapper.dtd">

<mapper namespace="tbl_index_image">
  <resultMap id="BaseResultMap" type="com.i2shopping.i2work.operation.core.image.model.IndexImage">
    <!--
      WARNING - This element is automatically generated by Apache iBATIS ibator, do not modify.
      This element was generated on Mon Aug 24 16:14:51 CST 2015.
    -->
    <result column="IMG_ID" property="imgId" jdbcType="VARCHAR"/>
    <result column="IMG_URL" property="imgUrl" jdbcType="VARCHAR"/>
    <result column="IMG_DESC" property="imgDesc" jdbcType="VARCHAR"/>
    <result column="IMG_TIME" property="imgTime" jdbcType="TIMESTAMP"/>
  </resultMap>
  <sql id="Criteria_Where_Clause"> 
    <!--
      WARNING - This element is automatically generated by Apache iBATIS ibator, do not modify.
      This element was generated on Mon Aug 24 16:14:51 CST 2015.
    -->  
    <iterate property="oredCriteria" conjunction="or" prepend="where" removeFirstPrepend="iterate"> 
      <if test="oredCriteria[].valid!= null and oredCriteria[].valid == 'true'.toString()">( 
        <iterate prepend="and" property="oredCriteria[].criteriaWithoutValue" conjunction="and">$oredCriteria[].criteriaWithoutValue[]$</iterate>  
        <iterate prepend="and" property="oredCriteria[].criteriaWithSingleValue" conjunction="and">$oredCriteria[].criteriaWithSingleValue[].condition$ #{oredCriteria[].criteriaWithSingleValue[].value}</iterate>  
        <iterate prepend="and" property="oredCriteria[].criteriaWithListValue" conjunction="and">$oredCriteria[].criteriaWithListValue[].condition$
          <iterate property="oredCriteria[].criteriaWithListValue[].values" open="(" close=")" conjunction=",">#{oredCriteria[].criteriaWithListValue[].values[]}</iterate> 
        </iterate>  
        <iterate prepend="and" property="oredCriteria[].criteriaWithBetweenValue" conjunction="and">$oredCriteria[].criteriaWithBetweenValue[].condition$ #{oredCriteria[].criteriaWithBetweenValue[].values[0]} and #{oredCriteria[].criteriaWithBetweenValue[].values[1]}</iterate> )
      </if> 
    </iterate> 
  </sql>
  <select id="selectAllImageList" resultMap="BaseResultMap" parameterType="com.i2shopping.i2work.operation.core.image.model.IndexImage">select IMG_ID, IMG_URL, IMG_DESC, IMG_TIME from tbl_index_image order by IMG_TIME desc</select>
  <select id="selectByCriteria" resultMap="BaseResultMap" parameterType="com.i2shopping.i2work.operation.core.image.model.IndexImageCriteria"> 
    <!--
      WARNING - This element is automatically generated by Apache iBATIS ibator, do not modify.
      This element was generated on Mon Aug 24 16:14:51 CST 2015.
    --> select IMG_ID, IMG_URL, IMG_DESC, IMG_TIME from tbl_index_image
    <if test="_parameter != null"> 
      <include refid="tbl_index_image.Criteria_Where_Clause"/>  
      <if test="orderByClause != null">order by ${orderByClause}</if> 
    </if> 
  </select>
  <select id="selectByPrimaryKey" resultMap="BaseResultMap" parameterType="com.i2shopping.i2work.operation.core.image.model.IndexImage"> 
    <!--
      WARNING - This element is automatically generated by Apache iBATIS ibator, do not modify.
      This element was generated on Mon Aug 24 16:14:51 CST 2015.
    --> select IMG_ID, IMG_URL, IMG_DESC, IMG_TIME from tbl_index_image where IMG_ID = #{imgId:VARCHAR}
  </select>
  <delete id="deleteByPrimaryKey" parameterType="com.i2shopping.i2work.operation.core.image.model.IndexImage"> 
    <!--
      WARNING - This element is automatically generated by Apache iBATIS ibator, do not modify.
      This element was generated on Mon Aug 24 16:14:51 CST 2015.
    --> delete from tbl_index_image where IMG_ID = #{imgId:VARCHAR}
  </delete>
  <delete id="deleteByCriteria" parameterType="com.i2shopping.i2work.operation.core.image.model.IndexImageCriteria"> 
    <!--
      WARNING - This element is automatically generated by Apache iBATIS ibator, do not modify.
      This element was generated on Mon Aug 24 16:14:51 CST 2015.
    --> delete from tbl_index_image 
    <include refid="tbl_index_image.Criteria_Where_Clause"/> 
  </delete>
  <insert id="insert" parameterType="com.i2shopping.i2work.operation.core.image.model.IndexImage"> 
    <!--
      WARNING - This element is automatically generated by Apache iBATIS ibator, do not modify.
      This element was generated on Mon Aug 24 16:14:51 CST 2015.
    --> insert into tbl_index_image (IMG_ID, IMG_URL, IMG_DESC, IMG_TIME) values (#{imgId:VARCHAR}, #{imgUrl:VARCHAR}, #{imgDesc:VARCHAR}, #{imgTime:TIMESTAMP})
  </insert>
  <insert id="insertSelective" parameterType="com.i2shopping.i2work.operation.core.image.model.IndexImage"> 
    <!--
      WARNING - This element is automatically generated by Apache iBATIS ibator, do not modify.
      This element was generated on Mon Aug 24 16:14:51 CST 2015.
    --> insert into tbl_index_image 
    <trim prefix="("> 
      <if test="imgId != null">IMG_ID ,</if>  
      <if test="imgUrl != null">IMG_URL ,</if>  
      <if test="imgDesc != null">IMG_DESC ,</if>  
      <if test="imgTime != null">IMG_TIME ,</if> )
    </trim> values 
    <trim prefix="("> 
      <if test="imgId != null">#{imgId:VARCHAR} ,</if>  
      <if test="imgUrl != null">#{imgUrl:VARCHAR} ,</if>  
      <if test="imgDesc != null">#{imgDesc:VARCHAR} ,</if>  
      <if test="imgTime != null">#{imgTime:TIMESTAMP} ,</if> )
    </trim> 
  </insert>
  <select id="countByCriteria" parameterType="com.i2shopping.i2work.operation.core.image.model.IndexImageCriteria" resultType="java.lang.Integer"> 
    <!--
      WARNING - This element is automatically generated by Apache iBATIS ibator, do not modify.
      This element was generated on Mon Aug 24 16:14:51 CST 2015.
    --> select count(*) from tbl_index_image 
    <include refid="tbl_index_image.Criteria_Where_Clause"/> 
  </select>
  <update id="updateByCriteriaSelective"> 
    <!--
      WARNING - This element is automatically generated by Apache iBATIS ibator, do not modify.
      This element was generated on Mon Aug 24 16:14:51 CST 2015.
    --> update tbl_index_image 
    <trim prefix="set"> 
      <if test="record.imgId != null">IMG_ID = #{record.imgId:VARCHAR} ,</if>  
      <if test="record.imgUrl != null">IMG_URL = #{record.imgUrl:VARCHAR} ,</if>  
      <if test="record.imgDesc != null">IMG_DESC = #{record.imgDesc:VARCHAR} ,</if>  
      <if test="record.imgTime != null">IMG_TIME = #{record.imgTime:TIMESTAMP} ,</if> 
    </trim>  
    <if test="_parameter != null"> 
      <include refid="tbl_index_image.Criteria_Where_Clause"/> 
    </if> 
  </update>
  <update id="updateByCriteria"> 
    <!--
      WARNING - This element is automatically generated by Apache iBATIS ibator, do not modify.
      This element was generated on Mon Aug 24 16:14:51 CST 2015.
    --> update tbl_index_image set IMG_ID = #{record.imgId:VARCHAR}, IMG_URL = #{record.imgUrl:VARCHAR}, IMG_DESC = #{record.imgDesc:VARCHAR}, IMG_TIME = #{record.imgTime:TIMESTAMP}
    <if test="_parameter != null"> 
      <include refid="tbl_index_image.Criteria_Where_Clause"/> 
    </if> 
  </update>
  <update id="updateByPrimaryKeySelective" parameterType="com.i2shopping.i2work.operation.core.image.model.IndexImage"> 
    <!--
      WARNING - This element is automatically generated by Apache iBATIS ibator, do not modify.
      This element was generated on Mon Aug 24 16:14:51 CST 2015.
    --> update tbl_index_image 
    <trim prefix="set"> 
      <if test="imgUrl != null">IMG_URL = #{imgUrl:VARCHAR} ,</if>  
      <if test="imgDesc != null">IMG_DESC = #{imgDesc:VARCHAR} ,</if>  
      <if test="imgTime != null">IMG_TIME = #{imgTime:TIMESTAMP} ,</if> 
    </trim> where IMG_ID = #{imgId:VARCHAR}
  </update>
  <update id="updateByPrimaryKey" parameterType="com.i2shopping.i2work.operation.core.image.model.IndexImage"> 
    <!--
      WARNING - This element is automatically generated by Apache iBATIS ibator, do not modify.
      This element was generated on Mon Aug 24 16:14:51 CST 2015.
    --> update tbl_index_image set IMG_URL = #{imgUrl:VARCHAR}, IMG_DESC = #{imgDesc:VARCHAR}, IMG_TIME = #{imgTime:TIMESTAMP} where IMG_ID = #{imgId:VARCHAR}
  </update>
</mapper>
