<?xml version="1.0" encoding="UTF-8"?>
<!DOCTYPE mapper PUBLIC "-//mybatis.org//DTD Mapper 3.0//EN" "http://mybatis.org/dtd/mybatis-3-mapper.dtd">

<mapper namespace="tbl_lottery_set">
  <resultMap id="BaseResultMap" type="com.i2shopping.i2work.operation.core.lotterySet.model.LotterySet">
    <!--
      WARNING - This element is automatically generated by Apache iBATIS ibator, do not modify.
      This element was generated on Mon Jan 11 18:23:28 CST 2016.
    -->
    <result column="lottery_id" property="lotteryId" jdbcType="CHAR"/>
    <result column="lottery_name" property="lotteryName" jdbcType="VARCHAR"/>
    <result column="lottery_type" property="lotteryType" jdbcType="CHAR"/>
    <result column="lottery_amount" property="lotteryAmount" jdbcType="DECIMAL"/>
    <result column="lottery_mount" property="lotteryMount" jdbcType="INTEGER"/>
    <result column="lottery_owner" property="lotteryOwner" jdbcType="VARCHAR"/>
    <result column="lottery_time" property="lotteryTime" jdbcType="TIMESTAMP"/>
    <result column="status" property="status" jdbcType="CHAR"/>
    <result column="lottery_per_mount" property="lotteryPerMount" jdbcType="INTEGER"/>
  </resultMap>
  <resultMap id="ResultMapWithBLOBs" extends="tbl_lottery_set.BaseResultMap" type="com.i2shopping.i2work.operation.core.lotterySet.model.LotterySet">
    <!--
      WARNING - This element is automatically generated by Apache iBATIS ibator, do not modify.
      This element was generated on Mon Jan 11 18:23:28 CST 2016.
    -->
    <result column="lottery_desc" property="lotteryDesc" jdbcType="VARCHAR"/>
  </resultMap>
  <sql id="Criteria_Where_Clause"> 
    <!--
      WARNING - This element is automatically generated by Apache iBATIS ibator, do not modify.
      This element was generated on Mon Jan 11 18:23:28 CST 2016.
    -->  
    <iterate property="oredCriteria" conjunction="or" prepend="where" removeFirstPrepend="iterate"> 
      <if test="oredCriteria[].valid!= null and oredCriteria[].valid == 'true'.toString()">( 
        <iterate prepend="and" property="oredCriteria[].criteriaWithoutValue" conjunction="and">$oredCriteria[].criteriaWithoutValue[]$</iterate>  
        <iterate prepend="and" property="oredCriteria[].criteriaWithSingleValue" conjunction="and">$oredCriteria[].criteriaWithSingleValue[].condition$ #{oredCriteria[].criteriaWithSingleValue[].value}</iterate>  
        <iterate prepend="and" property="oredCriteria[].criteriaWithListValue" conjunction="and">$oredCriteria[].criteriaWithListValue[].condition$
          <iterate property="oredCriteria[].criteriaWithListValue[].values" open="(" close=")" conjunction=",">#{oredCriteria[].criteriaWithListValue[].values[]}</iterate> 
        </iterate>  
        <iterate prepend="and" property="oredCriteria[].criteriaWithBetweenValue" conjunction="and">$oredCriteria[].criteriaWithBetweenValue[].condition$ #{oredCriteria[].criteriaWithBetweenValue[].values[0]} and #{oredCriteria[].criteriaWithBetweenValue[].values[1]}</iterate> )
      </if> 
    </iterate> 
  </sql>
  <select id="selectByCriteriaWithBLOBs" resultMap="ResultMapWithBLOBs" parameterType="com.i2shopping.i2work.operation.core.lotterySet.model.LotterySetCriteria"> 
    <!--
      WARNING - This element is automatically generated by Apache iBATIS ibator, do not modify.
      This element was generated on Mon Jan 11 18:23:28 CST 2016.
    --> select lottery_id, lottery_name, lottery_type, lottery_amount, lottery_mount, lottery_owner, lottery_time, status, lottery_per_mount, lottery_desc from tbl_lottery_set
    <if test="_parameter != null"> 
      <include refid="tbl_lottery_set.Criteria_Where_Clause"/>  
      <if test="orderByClause != null">order by ${orderByClause}</if> 
    </if> 
  </select>
  <select id="selectByCriteria" resultMap="BaseResultMap" parameterType="com.i2shopping.i2work.operation.core.lotterySet.model.LotterySetCriteria"> 
    <!--
      WARNING - This element is automatically generated by Apache iBATIS ibator, do not modify.
      This element was generated on Mon Jan 11 18:23:28 CST 2016.
    --> select lottery_id, lottery_name, lottery_type, lottery_amount, lottery_mount, lottery_owner, lottery_time, status, lottery_per_mount from tbl_lottery_set
    <if test="_parameter != null"> 
      <include refid="tbl_lottery_set.Criteria_Where_Clause"/>  
      <if test="orderByClause != null">order by ${orderByClause}</if> 
    </if> 
  </select>
  <select id="selectByPrimaryKey" resultMap="ResultMapWithBLOBs" parameterType="com.i2shopping.i2work.operation.core.lotterySet.model.LotterySet"> 
    <!--
      WARNING - This element is automatically generated by Apache iBATIS ibator, do not modify.
      This element was generated on Mon Jan 11 18:23:28 CST 2016.
    --> select lottery_id, lottery_name, lottery_type, lottery_amount, lottery_mount, lottery_owner, lottery_time, status, lottery_per_mount, lottery_desc from tbl_lottery_set where lottery_id = #{lotteryId:CHAR}
  </select>
  <delete id="deleteByPrimaryKey" parameterType="com.i2shopping.i2work.operation.core.lotterySet.model.LotterySet"> 
    <!--
      WARNING - This element is automatically generated by Apache iBATIS ibator, do not modify.
      This element was generated on Mon Jan 11 18:23:28 CST 2016.
    --> delete from tbl_lottery_set where lottery_id = #{lotteryId:CHAR}
  </delete>
  <delete id="deleteByCriteria" parameterType="com.i2shopping.i2work.operation.core.lotterySet.model.LotterySetCriteria"> 
    <!--
      WARNING - This element is automatically generated by Apache iBATIS ibator, do not modify.
      This element was generated on Mon Jan 11 18:23:28 CST 2016.
    --> delete from tbl_lottery_set 
    <include refid="tbl_lottery_set.Criteria_Where_Clause"/> 
  </delete>
  <insert id="insert" parameterType="com.i2shopping.i2work.operation.core.lotterySet.model.LotterySet"> 
    <!--
      WARNING - This element is automatically generated by Apache iBATIS ibator, do not modify.
      This element was generated on Mon Jan 11 18:23:28 CST 2016.
    --> insert into tbl_lottery_set (lottery_id, lottery_name, lottery_type, lottery_amount, lottery_mount, lottery_owner, lottery_time, status, lottery_per_mount, lottery_desc) values (#{lotteryId:CHAR}, #{lotteryName:VARCHAR}, #{lotteryType:CHAR}, #{lotteryAmount:DECIMAL}, #{lotteryMount:INTEGER}, #{lotteryOwner:VARCHAR}, #{lotteryTime:TIMESTAMP}, #{status:CHAR}, #{lotteryPerMount:INTEGER}, #{lotteryDesc:VARCHAR})
  </insert>
  <insert id="insertSelective" parameterType="com.i2shopping.i2work.operation.core.lotterySet.model.LotterySet"> 
    <!--
      WARNING - This element is automatically generated by Apache iBATIS ibator, do not modify.
      This element was generated on Mon Jan 11 18:23:28 CST 2016.
    --> insert into tbl_lottery_set 
    <trim prefix="("> 
      <if test="lotteryId != null">lottery_id ,</if>  
      <if test="lotteryName != null">lottery_name ,</if>  
      <if test="lotteryType != null">lottery_type ,</if>  
      <if test="lotteryAmount != null">lottery_amount ,</if>  
      <if test="lotteryMount != null">lottery_mount ,</if>  
      <if test="lotteryOwner != null">lottery_owner ,</if>  
      <if test="lotteryTime != null">lottery_time ,</if>  
      <if test="status != null">status ,</if>  
      <if test="lotteryPerMount != null">lottery_per_mount ,</if>  
      <if test="lotteryDesc != null">lottery_desc ,</if> )
    </trim> values 
    <trim prefix="("> 
      <if test="lotteryId != null">#{lotteryId:CHAR} ,</if>  
      <if test="lotteryName != null">#{lotteryName:VARCHAR} ,</if>  
      <if test="lotteryType != null">#{lotteryType:CHAR} ,</if>  
      <if test="lotteryAmount != null">#{lotteryAmount:DECIMAL} ,</if>  
      <if test="lotteryMount != null">#{lotteryMount:INTEGER} ,</if>  
      <if test="lotteryOwner != null">#{lotteryOwner:VARCHAR} ,</if>  
      <if test="lotteryTime != null">#{lotteryTime:TIMESTAMP} ,</if>  
      <if test="status != null">#{status:CHAR} ,</if>  
      <if test="lotteryPerMount != null">#{lotteryPerMount:INTEGER} ,</if>  
      <if test="lotteryDesc != null">#{lotteryDesc:VARCHAR} ,</if> )
    </trim> 
  </insert>
  <select id="countByCriteria" parameterType="com.i2shopping.i2work.operation.core.lotterySet.model.LotterySetCriteria" resultType="java.lang.Integer"> 
    <!--
      WARNING - This element is automatically generated by Apache iBATIS ibator, do not modify.
      This element was generated on Mon Jan 11 18:23:28 CST 2016.
    --> select count(*) from tbl_lottery_set 
    <include refid="tbl_lottery_set.Criteria_Where_Clause"/> 
  </select>
  <update id="updateByCriteriaSelective"> 
    <!--
      WARNING - This element is automatically generated by Apache iBATIS ibator, do not modify.
      This element was generated on Mon Jan 11 18:23:28 CST 2016.
    --> update tbl_lottery_set 
    <trim prefix="set"> 
      <if test="record.lotteryId != null">lottery_id = #{record.lotteryId:CHAR} ,</if>  
      <if test="record.lotteryName != null">lottery_name = #{record.lotteryName:VARCHAR} ,</if>  
      <if test="record.lotteryType != null">lottery_type = #{record.lotteryType:CHAR} ,</if>  
      <if test="record.lotteryAmount != null">lottery_amount = #{record.lotteryAmount:DECIMAL} ,</if>  
      <if test="record.lotteryMount != null">lottery_mount = #{record.lotteryMount:INTEGER} ,</if>  
      <if test="record.lotteryOwner != null">lottery_owner = #{record.lotteryOwner:VARCHAR} ,</if>  
      <if test="record.lotteryTime != null">lottery_time = #{record.lotteryTime:TIMESTAMP} ,</if>  
      <if test="record.status != null">status = #{record.status:CHAR} ,</if>  
      <if test="record.lotteryPerMount != null">lottery_per_mount = #{record.lotteryPerMount:INTEGER} ,</if>  
      <if test="record.lotteryDesc != null">lottery_desc = #{record.lotteryDesc:VARCHAR} ,</if> 
    </trim>  
    <if test="_parameter != null"> 
      <include refid="tbl_lottery_set.Criteria_Where_Clause"/> 
    </if> 
  </update>
  <update id="updateByCriteriaWithBLOBs"> 
    <!--
      WARNING - This element is automatically generated by Apache iBATIS ibator, do not modify.
      This element was generated on Mon Jan 11 18:23:28 CST 2016.
    --> update tbl_lottery_set set lottery_id = #{record.lotteryId:CHAR}, lottery_name = #{record.lotteryName:VARCHAR}, lottery_type = #{record.lotteryType:CHAR}, lottery_amount = #{record.lotteryAmount:DECIMAL}, lottery_mount = #{record.lotteryMount:INTEGER}, lottery_owner = #{record.lotteryOwner:VARCHAR}, lottery_time = #{record.lotteryTime:TIMESTAMP}, status = #{record.status:CHAR}, lottery_per_mount = #{record.lotteryPerMount:INTEGER}, lottery_desc = #{record.lotteryDesc:VARCHAR}
    <if test="_parameter != null"> 
      <include refid="tbl_lottery_set.Criteria_Where_Clause"/> 
    </if> 
  </update>
  <update id="updateByCriteria"> 
    <!--
      WARNING - This element is automatically generated by Apache iBATIS ibator, do not modify.
      This element was generated on Mon Jan 11 18:23:28 CST 2016.
    --> update tbl_lottery_set set lottery_id = #{record.lotteryId:CHAR}, lottery_name = #{record.lotteryName:VARCHAR}, lottery_type = #{record.lotteryType:CHAR}, lottery_amount = #{record.lotteryAmount:DECIMAL}, lottery_mount = #{record.lotteryMount:INTEGER}, lottery_owner = #{record.lotteryOwner:VARCHAR}, lottery_time = #{record.lotteryTime:TIMESTAMP}, status = #{record.status:CHAR}, lottery_per_mount = #{record.lotteryPerMount:INTEGER}
    <if test="_parameter != null"> 
      <include refid="tbl_lottery_set.Criteria_Where_Clause"/> 
    </if> 
  </update>
  <update id="updateByPrimaryKeySelective" parameterType="com.i2shopping.i2work.operation.core.lotterySet.model.LotterySet"> 
    <!--
      WARNING - This element is automatically generated by Apache iBATIS ibator, do not modify.
      This element was generated on Mon Jan 11 18:23:28 CST 2016.
    --> update tbl_lottery_set 
    <trim prefix="set"> 
      <if test="lotteryName != null">lottery_name = #{lotteryName:VARCHAR} ,</if>  
      <if test="lotteryType != null">lottery_type = #{lotteryType:CHAR} ,</if>  
      <if test="lotteryAmount != null">lottery_amount = #{lotteryAmount:DECIMAL} ,</if>  
      <if test="lotteryMount != null">lottery_mount = #{lotteryMount:INTEGER} ,</if>  
      <if test="lotteryOwner != null">lottery_owner = #{lotteryOwner:VARCHAR} ,</if>  
      <if test="lotteryTime != null">lottery_time = #{lotteryTime:TIMESTAMP} ,</if>  
      <if test="status != null">status = #{status:CHAR} ,</if>  
      <if test="lotteryPerMount != null">lottery_per_mount = #{lotteryPerMount:INTEGER} ,</if>  
      <if test="lotteryDesc != null">lottery_desc = #{lotteryDesc:VARCHAR} ,</if> 
    </trim> where lottery_id = #{lotteryId:CHAR}
  </update>
  <update id="updateByPrimaryKeyWithBLOBs" parameterType="com.i2shopping.i2work.operation.core.lotterySet.model.LotterySet"> 
    <!--
      WARNING - This element is automatically generated by Apache iBATIS ibator, do not modify.
      This element was generated on Mon Jan 11 18:23:28 CST 2016.
    --> update tbl_lottery_set set lottery_name = #{lotteryName:VARCHAR}, lottery_type = #{lotteryType:CHAR}, lottery_amount = #{lotteryAmount:DECIMAL}, lottery_mount = #{lotteryMount:INTEGER}, lottery_owner = #{lotteryOwner:VARCHAR}, lottery_time = #{lotteryTime:TIMESTAMP}, status = #{status:CHAR}, lottery_per_mount = #{lotteryPerMount:INTEGER}, lottery_desc = #{lotteryDesc:VARCHAR} where lottery_id = #{lotteryId:CHAR}
  </update>
  <update id="updateByPrimaryKey" parameterType="com.i2shopping.i2work.operation.core.lotterySet.model.LotterySet"> 
    <!--
      WARNING - This element is automatically generated by Apache iBATIS ibator, do not modify.
      This element was generated on Mon Jan 11 18:23:28 CST 2016.
    --> update tbl_lottery_set set lottery_name = #{lotteryName:VARCHAR}, lottery_type = #{lotteryType:CHAR}, lottery_amount = #{lotteryAmount:DECIMAL}, lottery_mount = #{lotteryMount:INTEGER}, lottery_owner = #{lotteryOwner:VARCHAR}, lottery_time = #{lotteryTime:TIMESTAMP}, status = #{status:CHAR}, lottery_per_mount = #{lotteryPerMount:INTEGER} where lottery_id = #{lotteryId:CHAR}
  </update>
  <!-- 根据状态查找所有已开奖的状态 -->
  <select id="selectListByStatus" resultMap="ResultMapWithBLOBs" parameterType="com.i2shopping.i2work.operation.core.lotterySet.model.LotterySet">select lottery_id, lottery_name, lottery_type, lottery_amount, lottery_mount, lottery_owner, lottery_time, status, lottery_per_mount, lottery_desc from tbl_lottery_set where status = #{status:CHAR}</select>
</mapper>
